-- Exercise data extracted from all_exercises_with_categories.md
-- Format: Name (Equipment, Category) - BodyPart
-- Generated INSERT statements for new schema with category tables

-- Step 1: Insert body part categories
INSERT INTO body_part_category (id, name) VALUES
('app-01KE649R5754DVZ7Z6YCJ810JN', 'Core'),
('app-01KE649R4T0ZWTP42EE3MM042G', 'Arms'),
('app-01KE649R4XWMJG7QSSQ31MMMZW', 'Back'),
('app-01KE649R54WA0KANY9EPSJ9D07', 'Chest'),
('app-01KE649R5DHZ4JTRK9860ERQKQ', 'Legs'),
('app-01KE649R5N08QYB5BC7RPF9VK0', 'Shoulders'),
('app-01KE649R5G1FZHV82AK8VQGMWG', 'Olympic'),
('app-01KE649R5A145SSA6ER85K5426', 'Full Body'),
('app-01KE649R50J1JXB6N8DV4KPDZN', 'Cardio'),
('app-01KE649R5KM33Y6KTHY890Z28X', 'Other');

-- Step 2: Insert equipment categories
INSERT INTO equipment_category (id, name) VALUES
('app-01KE649RKVTJ8X0KCK1MJXAB6M', 'Barbell'),
('app-01KE649RMJYCTMGJ0AMXGQCVBN', 'Dumbbell'),
('app-01KE649RM1XJX4XC3KFNTWWMC9', 'Cable'),
('app-01KE649RN9DP9JQ6RHTP0K71A5', 'Machine'),
('app-01KE649RKRQADSR42MFKYXW08B', 'Band'),
('app-01KE649RN3D1KPH6RP5V3QT0C5', 'Kettlebell'),
('app-01KE649RKYQX18ZF4QH52X1RZM', 'Bodyweight'),
('app-01KE649RKN2ZWP29AT0M4N9K53', 'Assisted'),
('app-01KE649RNKVVDZ8B7382K41E8F', 'Plate'),
('app-01KE649RNZ07XSESNMEWXB784Y', 'Smith Machine'),
('app-01KE649RP30Z6TYGSMRB8KCE7K', 'Stability Ball'),
('app-01KE649RP611K2H1MTSZV68FTG', 'Strength'),
('app-01KE649RM83YW34K00AC1F5T1A', 'Cardio'),
('app-01KE649RNFJ925VD5T4N8NHDZR', 'Olympic'),
('app-01KE649RMPAAT5P16FX1QV8XP4', 'Full Body'),
('app-01KE649RNCJR2284KE5PCTHJ28', 'Mobility'),
('app-01KE649RN0K1A81K9NHZPV3FKY', 'Indoor'),
('app-01KE65FK2PNWWWEZCRZX31H9Y0', 'Outdoor'),
('app-01KE649RP9A89041RJGVG1PSHM', 'Treadmill'),
('app-01KE649RNS2QA6PEN3QCH8P7ZM', 'Rope'),
('app-01KE649RM5QMQB31J5HVR5KR7B', 'Captain''s Chair'),
('app-01KE649RMX39HHH1S9DG929X2Y', 'Hanging'),
('app-01KE649RMSJYAVH9T7CXG8YJBS', 'Half Kneeling'),
('app-01KE649RMB230SFXZR6YWE8PN8', 'Decline'),
('app-01KE649RMFPS7A7YA9443RXQDM', 'Diamond'),
('app-01KE649RN6M5ER0JEE2CJ8TH7V', 'Knees'),
('app-01KE649RNWJ9WP1RATDGVRTZFS', 'Single Arm'),
('app-01KE649RNPQ6P1SB4ECSGB8DF4', 'Plate Loaded');

-- Step 3: Insert exercises
INSERT INTO exercise (id, name) VALUES
('app-01KE649R21JCQEZQX4WD88W769', 'Ab Wheel'),
('app-01KE649R2405SY8E2N83D8RSS1', 'Aerobics'),
('app-01KE649R2AZC9S7YFB0X3GAR5C', 'Arnold Press'),
('app-01KE649R27A1VGJGTFYP1NTCH6', 'Around the World'),
('app-01KE649R2C6EM52ZY7T7AN8D3A', 'Back Extension'), -- Bodyweight
('app-01KE649R2F2K217WZY43G4EX0G', 'Back Extension'), -- Machine
('app-01KE649R2J18C5K5261V4H012M', 'Ball Slams'),
('app-01KE649R2ND0051KFVFEVZ8339', 'Band Pull Apart'),
('app-01KE649R2RW58W4B1KBVHZB16W', 'Battle Ropes'),
('app-01KE649R2VAVWWKS3PBMSY6M8W', 'Bayesian Curl'),
('app-01KE649R2Y6F4GV5R5V42Q3SET', 'Bench Dip'),
('app-01KE649R3375V16T87J6WDBF31', 'Bench Press'), -- Barbell
('app-01KE649R37QDQ7AJSVRE1QR6D1', 'Bench Press'), -- Cable
('app-01KE649R3A1BAW2GA6RBH982VB', 'Bench Press'), -- Dumbbell
('app-01KE649R3DHD6HFEM69RKAA5BE', 'Bench Press'), -- Smith Machine
('app-01KE649R30T6WPRXDA5JTQXRVK', 'Bench Press - Close Grip'),
('app-01KE649R3G7ZBK12BFYN524VWM', 'Bench Press - Wide Grip'),
('app-01KE649R3ZKSW8RJK55YHXHRFK', 'Bent Over One Arm Row'),
('app-01KE649R3K68YNKE6S70Z4RSYF', 'Bent Over Row'), -- Band
('app-01KE649R3P5YCBT4BYMXC3X8GD', 'Bent Over Row'), -- Barbell
('app-01KE649R3SGW1J64BZ3JQ1ADDY', 'Bent Over Row'), -- Dumbbell
('app-01KE649R3WPW39H95PPTMHK2R0', 'Bent Over Row - Underhand'),
('app-01KE649R421CQ35A6BZRFQGV5R', 'Bicep Curl'), -- Barbell
('app-01KE649R45VRMCWZG086GF91G8', 'Bicep Curl'), -- Cable
('app-01KE649R481B522130HFGHVXKA', 'Bicep Curl'), -- Dumbbell
('app-01KE649R4BVKJ25QRJMDTPJ23F', 'Bicep Curl'), -- Machine
('app-01KE649R4DXDNSFSCN2CS9F9J7', 'Bicycle Crunch'),
('app-01KE649R4GJW90E9JF0K7P8ENV', 'Bird Dog'),
('app-01KE649R4M6QKA11J00QGRMH7Z', 'Box Jump'),
('app-01KE649R4Q1SVFYD7BYS22EBGF', 'Box Squat'),
('app-01KE649R5SM9FZ8112T0VN66ZN', 'Bulgarian Split Squat'),
('app-01KE649R5WNJQ064GWBP2PPAF4', 'Burpee'),
('app-01KE649R6106VYA444CDW46847', 'Cable Crossover'),
('app-01KE649R5YTR6AZS54ZAHF7C6Q', 'Cable Crunch'),
('app-01KE649R64NW4233YR4W67H7XK', 'Cable Kickback'),
('app-01KE649R67CQQ0BBCXYFGXZZWT', 'Cable Pull Through'),
('app-01KE649R6AWPMFZ80R2EEGBABR', 'Cable Twist'),
('app-01KE649R6F98AX74S4R3M0F8X4', 'Calf Press on Leg Press'),
('app-01KE649R6D4Q97E2DCW2514CZY', 'Calf Press on Seated Leg Press'),
('app-01KE649R6JRPGKF4Y7687NEM4Y', 'Cat Cow'),
('app-01KE649R6NYXXRDABVR23T1735', 'Chest Dip'), -- Bodyweight
('app-01KE649R6R5ZHEKHTVMAY9R7BS', 'Chest Dip'), -- Assisted
('app-01KE649R6VBRR6YY73PPBJD2SH', 'Chest Fly'), -- Machine
('app-01KE649R6YW66Q38T415HD6ECM', 'Chest Fly'), -- Band
('app-01KE649R71GSZG5BS5M600SD3V', 'Chest Fly'), -- Dumbbell
('app-01KE649R74GCR98S8P73ESSADA', 'Chest Press'), -- Band
('app-01KE649R77SXW1FH959ZFBT5GG', 'Chest Press'), -- Machine
('app-01KE649R7A9BNP1G6Z7M8VZ6YM', 'Chest Supported Row'),
('app-01KE649R7C0PMYVZSV4B4193F9', 'Chin Up'), -- Bodyweight
('app-01KE649R7F9CE9RM4BRZY6KJYT', 'Chin Up'), -- Assisted
('app-01KE649R7JTN7GNR4GRF9418YW', 'Clean'),
('app-01KE649R7M7XC613FRVHFN5QTB', 'Clean and Jerk'),
('app-01KE649R7Q41FZJ6A11S9KB6AH', 'Climbing'),
('app-01KE649R7T9Y9MMRBC9RJKA9WP', 'Cobra Stretch'),
('app-01KE649R7WE4JWG62RHF7Z23XQ', 'Concentration Curl'),
('app-01KE649R7ZFVYD4S6CAREM33H0', 'Cossack Squat'),
('app-01KE649R824MFPKA6SBRZX9XGV', 'Cross Body Crunch'),
('app-01KE649R842J418C3ZH4PWTBJC', 'Cross Body Hammer Curl'),
('app-01KE649R87Y50ZNCPBW4PKPHRG', 'Crunch'), -- Bodyweight
('app-01KE649R8AME388XCKFSVHP029', 'Crunch'), -- Machine
('app-01KE649R8DDZPPC0QZ0X1PWM0W', 'Crunch'), -- Stability Ball
('app-01KE649R8GVG7F67NTFQBFA9RP', 'Cuban Press'),
('app-01KE649R8K1GQJ174A0QEJBZFE', 'Curtsy Lunge'),
('app-01KE649R8P6B82MY1AYZFVFMRH', 'Cycling'), -- Outdoor
('app-01KE649R8R865NZGE06TGJ0TX8', 'Cycling'), -- Indoor
('app-01KE649R8V1FAXZ9Z4E85P9WWX', 'Dead Bug'),
('app-01KE649R8Y6X4SG98RKED6FQCJ', 'Deadlift'), -- Band
('app-01KE649R91F7PM1C0ZKZ35GX08', 'Deadlift'), -- Barbell
('app-01KE649R94XXRGSWN20098CYDV', 'Deadlift'), -- Dumbbell
('app-01KE649R9AJJEY97C4SQMPGK0P', 'Deadlift'), -- Smith Machine
('app-01KE649R969NQ6RCD3FVNNKG9P', 'Deadlift High Pull'),
('app-01KE649R9DN1R24KHASFM3Y7C1', 'Decline Bench Press'), -- Barbell
('app-01KE649R9GCT15KZTRKV557SD2', 'Decline Bench Press'), -- Dumbbell
('app-01KE649R9K9WFZJNYDK9Z3FM9Z', 'Decline Bench Press'), -- Smith Machine
('app-01KE649R9PXNTRR4EA0002NCPC', 'Decline Crunch'),
('app-01KE649R9S670TB998ZGFB5DBF', 'Deficit Deadlift'),
('app-01KE649R9WA9B5Z4YA7ND7XFAP', 'Drag Curl'),
('app-01KE649RKJM9KM8NS791SBGPXQ', 'Elliptical Machine'),
('app-01KE649RPCW6BE1YJ0VYSGPT5X', 'Face Pull'),
('app-01KE649RPF63XV6ZW4PBX8TR9M', 'Farmer''s Carry'),
('app-01KE649RPJ2RZYQKTYBTS4E27Y', 'Flat Knee Raise'),
('app-01KE649RPNZZXWZKRPQXKB5MMJ', 'Flat Leg Raise'),
('app-01KE649RPS0XNG8N41378AC9Z6', 'Floor Press'),
('app-01KE649RPWW7B5NYYAJY2D05TN', 'Front Raise'), -- Band
('app-01KE649RQ8YMKGKJJZRA2AQWVS', 'Front Raise'), -- Barbell
('app-01KE649RPZRAZVRSYFQDBHMZBN', 'Front Raise'), -- Cable
('app-01KE649RQ2DFCZ5G024TXYDY2A', 'Front Raise'), -- Dumbbell
('app-01KE649RQ507VM700ABR0X72R9', 'Front Raise'), -- Plate
('app-01KE649RQB6WGGH0WQF73544DS', 'Front Squat'),
('app-01KE649RQEV0S4BFBQRKPFDWSH', 'Glute Bridge'), -- Barbell
('app-01KE649RQHG0E6FCG9DTGBYPKE', 'Glute Bridge'), -- Bodyweight
('app-01KE649RQNQH57FMCM822XJETG', 'Glute Ham Raise'),
('app-01KE649RQR4RZDWWDN7XD2FY6E', 'Glute Kickback'),
('app-01KE649RQVRAS3DPHVP57TEMR5', 'Goblet Squat'),
('app-01KE649RQZ2J9298C3K7KRSZXZ', 'Good Morning'),
('app-01KE649RR28T4Z5EE1XS1DFAS7', 'Hack Squat'), -- Machine
('app-01KE649RR5VDFXKEABEK2YZ2AK', 'Hack Squat'), -- Barbell
('app-01KE649RR96M1PSF3NHTMP62SH', 'Hammer Curl'), -- Band
('app-01KE649RRC6G49DZ8QKG5T9R8Y', 'Hammer Curl'), -- Cable
('app-01KE649RRFBV8CJ4DFTMZ5TTKH', 'Hammer Curl'), -- Dumbbell
('app-01KE649RRJP80MJNEMVNVR4P11', 'Handstand Push Up'),
('app-01KE649RRNYYNXHMFEDXDZ5JWS', 'Hang Clean'),
('app-01KE649RRZ38R11DXSYH31G5F8', 'Hang Snatch'),
('app-01KE649RRR9KZ7C6MVMJA7V5CA', 'Hanging Knee Raise'),
('app-01KE649RRVG79Z9JNEZRZX6P6B', 'Hanging Leg Raise'),
('app-01KE649RS208PNST6WW67CHR76', 'High Knee Skips'),
('app-01KE649RS5Q66XPTR4BX8R39MY', 'Hiking'),
('app-01KE649RS8QFV656XPMM8YCJ8D', 'Hip Abductor'),
('app-01KE649RSBEHNSMBDS50BK3SDR', 'Hip Adductor'),
('app-01KE649RSE481357RP8WCEW34H', 'Hip Flexor Stretch'),
('app-01KE649RSMQDRRNGZP51DP70H5', 'Hip Thrust'), -- Barbell
('app-01KE649RSTB7BHSP8DCQ7FQJAR', 'Hip Thrust'), -- Bodyweight
('app-01KE649RSQSGDYVNMRD9FQVQTY', 'Hip Thrust'), -- Dumbbell
('app-01KE649RSXE21YF5G5JVAFVWY0', 'Hollow Body Hold'),
('app-01KE649RT56B6SDJN4HR13WC1D', 'Incline Bench Press'), -- Barbell
('app-01KE649RT82NHAHJTV220VPMZN', 'Incline Bench Press'), -- Cable
('app-01KE649RTBQ74FQ145FGDGS98V', 'Incline Bench Press'), -- Dumbbell
('app-01KE649RTDT6F8FK63GNSJGNVQ', 'Incline Bench Press'), -- Smith Machine
('app-01KE649RT0N7HKKG6E66GX1SAZ', 'Incline Chest Fly'),
('app-01KE649RT21YA7H9QHFZYCTEH9', 'Incline Chest Press'),
('app-01KE649RTG8V69TCTQNYETNNSS', 'Incline Curl'),
('app-01KE649RTKMAJG8X30AQV1SEM0', 'Incline Row'),
('app-01KE649RTNKNY9CF5YDXNMPA9K', 'Inverted Row'),
('app-01KE649RTRR8GHBARGQWDD7KYR', 'Iso-Lateral Chest Press'),
('app-01KE649RTWAQ5SR9ZW54N6DXB9', 'Iso-Lateral Row'),
('app-01KE649RTZ8XT6WBDKD1EGZPC8', 'Jackknife Sit Up'),
('app-01KE649RV67SE0XHQPP1C8KQVZ', 'Jump Rope'),
('app-01KE649RV9H15F2QGBGXYA6GRB', 'Jump Shrug'),
('app-01KE649RVCRQDVY69AA9194QYF', 'Jump Squat'),
('app-01KE649RV2QGPQ81CKGW02RKZH', 'Jumping Jack'),
('app-01KE649RVFGSFX5FMK4YHZ7SXM', 'Kettlebell Swing'),
('app-01KE649RVJE79TZM31F6MSWFK9', 'Kettlebell Turkish Get Up'),
('app-01KE649RVNFT7QMY336RYNEBBA', 'Kipping Pull Up'),
('app-01KE649RVVADAB5QXPNT5SZYV8', 'Knee Raise'),
('app-01KE649RVRH10VP6MBCWH8CJZY', 'Kneeling Pulldown'),
('app-01KE649RVZKBTX6SFYESSZT8RD', 'Knees to Elbows'),
('app-01KE649RW2GXTRGGG2ZJEV6NH8', 'Landmine Press'),
('app-01KE649RWNZ4T450G3R2V89NZZ', 'Lat Pulldown'), -- Cable
('app-01KE649RWRQN9YVY3SZ2FE3Z5Z', 'Lat Pulldown'), -- Machine
('app-01KE649RWVB6FB8E3Z2RMBGXPJ', 'Lat Pulldown'), -- Single Arm
('app-01KE649RWYM19J2WV67TTSWC46', 'Lat Pulldown - Underhand'), -- Band
('app-01KE649RX23PEN2Z3VXYNSMMMZ', 'Lat Pulldown - Underhand'), -- Cable
('app-01KE649RX5NJJ18Y3M5J7AEJ6T', 'Lat Pulldown - Wide Grip'),
('app-01KE649RW5164K7BM5VSNTBQ50', 'Lateral Box Jump'),
('app-01KE649RW8Q6TFGS5K0KHZFTTE', 'Lateral Raise'), -- Band
('app-01KE649RWB26ZZ6DP344N8EJ6D', 'Lateral Raise'), -- Cable
('app-01KE649RWFRATF5HQX4A89VR9P', 'Lateral Raise'), -- Dumbbell
('app-01KE649RWJPQJ2E9QWZP7DVC0H', 'Lateral Raise'), -- Machine
('app-01KE649RX8CSNX00Z0YBY7B3HE', 'Leg Extension'),
('app-01KE649RXBXE2BP0SE9JRDWP3Q', 'Leg Press'),
('app-01KE649RXE9YM5EAZYZVKDDZ5Y', 'Lunge'), -- Barbell
('app-01KE649RXH32NTHRZ61VDA3V62', 'Lunge'), -- Bodyweight
('app-01KE649RXMNPBJJ3ZVEQPV4BSF', 'Lunge'), -- Dumbbell
('app-01KE649RXQFR6VPGJ7WTFSPGX3', 'Lying Leg Curl'),
('app-01KE649RXV62614A291T2WJCZN', 'Machine Chest Press'),
('app-01KE649RXYNEB65FY4XX0BFG45', 'Machine Overhead Press'),
('app-01KE649RY1ER5ZCYNBFJTC1HE4', 'Meadows Row'),
('app-01KE649RY48SF663Z9E8GXA3MV', 'Mountain Climber'),
('app-01KE649RY7G9G29ZXN0MMG5Z02', 'Muscle Up'),
('app-01KE649RY9197BWH7M1Q66NH2W', 'Nordic Hamstring Curl'),
('app-01KE649RYDZDMPFBEEK0540CJ9', 'Oblique Crunch'),
('app-01KE649RYFG0DTPXFWPCRRSRE9', 'Overhead Press'), -- Barbell
('app-01KE649RYJKPWVZYFMF1DA2HEY', 'Overhead Press'), -- Cable
('app-01KE649RYPQ2DEMCGV38JW8DTR', 'Overhead Press'), -- Dumbbell
('app-01KE649RYS8PJ2SP1BEPEEE4T9', 'Overhead Press'), -- Smith Machine
('app-01KE649RYWA19K9RJ7CZ370F4E', 'Overhead Squat'),
('app-01KE649RYZM2JBP4JXD6PZNJS7', 'Overhead Triceps Extension'),
('app-01KE649RZ3HEWRXJX3V8AHY04P', 'Pallof Press'), -- Band
('app-01KE649RZ6596C87W7FJ6P365N', 'Pallof Press'), -- Cable
('app-01KE649RZ91RCBEY81SSFEQWFP', 'Pec Deck'),
('app-01KE649RZCK655BYEAY4DRPR2T', 'Pendlay Row'),
('app-01KE649RZFJ4VV3FE4VS46XAN6', 'Pistol Squat'),
('app-01KE649RZJ0W8JBMTENEB460ZT', 'Plank'),
('app-01KE649RZNHGF7FMTPQ0DZ0VFK', 'Power Clean'),
('app-01KE649RZRC3DCEP7W99WQ84BD', 'Power Snatch'),
('app-01KE649RZWJAJP35DYH3Y5Q293', 'Preacher Curl'), -- Barbell
('app-01KE649RZZ4SP1BB0G0J1BFTZ1', 'Preacher Curl'), -- Dumbbell
('app-01KE649S02TECGG3AT17G5ZWAY', 'Preacher Curl'), -- Machine
('app-01KE649S05F0ASQQE0P3CFJ2BX', 'Press Under'),
('app-01KE649S0D91XMSMYXJRWAHPWA', 'Pull Up'), -- Bodyweight
('app-01KE649S0G0C8N9G0DY4SGXGX6', 'Pull Up'), -- Assisted
('app-01KE649S0K5B5Z08APDGVKJEA3', 'Pull Up'), -- Band
('app-01KE649S07TF699JZWXXJBTYJB', 'Pullover'), -- Dumbbell
('app-01KE649S0AZQNEMXVV3M01Q580', 'Pullover'), -- Machine
('app-01KE649S0P24F3WHMVVREBMQQ3', 'Push Press'),
('app-01KE649S0SF1MNRGYHQ0RT76YE', 'Push Up'), -- Bodyweight
('app-01KE649S0WPTM5JVCCJ9JHWG1N', 'Push Up'), -- Band
('app-01KE649S0ZNG7XG3XXDSEHGGAR', 'Push Up'), -- Decline
('app-01KE649S13YF5PXPR6Q6H80TQD', 'Push Up'), -- Diamond
('app-01KE649S1645JYS95VWAWWCG9J', 'Push Up'), -- Knees
('app-01KE649S19MHYM1FAKN33ESZT2', 'Rack Pull'),
('app-01KE649S1CGF86DNDMP48XGYXA', 'Rear Delt Row'),
('app-01KE649S1FSZPXPFV7APQMSXEZ', 'Reverse Crunch'),
('app-01KE649S1JT5F68AQ4KQXNQCM8', 'Reverse Curl'), -- Band
('app-01KE649S1R2XAK57NYT72FGNJM', 'Reverse Curl'), -- Barbell
('app-01KE649S1NQRD5T1F3WEVQMCBW', 'Reverse Curl'), -- Dumbbell
('app-01KE649S1T7KWCZA6H3JXP3S0C', 'Reverse Fly'), -- Cable
('app-01KE649S1X82WS377HV8MDXDRR', 'Reverse Fly'), -- Dumbbell
('app-01KE649S20TCKAS84XPK5XEP7F', 'Reverse Fly'), -- Machine
('app-01KE649S29VXFG2WVJ2TR6V720', 'Reverse Grip Concentration Curl'),
('app-01KE649S23A1Q0V2ETWXVP5YST', 'Reverse Lunge'),
('app-01KE649S26WNZ8Z4RYQHJ4VN00', 'Reverse Plank'),
('app-01KE649S2CFHM6EEWC73ENWBG0', 'Romanian Deadlift'), -- Barbell
('app-01KE649S2FQP180BFDNG1DWJJC', 'Romanian Deadlift'), -- Dumbbell
('app-01KE649S2J095ZP9ETH04Z7NC7', 'Rowing'),
('app-01KE649S2P5P3RVZ6QAGGP8TX9', 'Running'), -- Outdoor
('app-01KE649S2STZZ7QARCEZD3522P', 'Running'), -- Treadmill
('app-01KE649S2VP5EY7CR561TTE3RR', 'Russian Twist'),
('app-01KE649S2Y9EY49R2QM3XH2EH3', 'Scapular Push Up'),
('app-01KE649S31MBEP3DYFCCMF4PF7', 'Seated Calf Raise'), -- Machine
('app-01KE649S34RY5H1PWF2N5H27SB', 'Seated Calf Raise'), -- Plate Loaded
('app-01KE649S37AZPK1G55Z5DDD5GA', 'Seated Leg Curl'),
('app-01KE649S3AV5QWXFQ2XFBACJ28', 'Seated Leg Press'),
('app-01KE649S3D3HYC5B8BWKWXF6FK', 'Seated Overhead Press'), -- Barbell
('app-01KE649S3G9CFWH58FZSYFT7JZ', 'Seated Overhead Press'), -- Dumbbell
('app-01KE649S3KH52NX718STJBWE1X', 'Seated Palms Up Wrist Curl'),
('app-01KE649S3P8AZ3JEKZ2R0QERJ5', 'Seated Row'), -- Cable
('app-01KE649S3TSE04BTXVDZ8GM549', 'Seated Row'), -- Machine
('app-01KE649S3XY8ZAC908FSJ6VCDX', 'Seated Wide-Grip Row'),
('app-01KE649S44D7S9WQDN7TTV2QFH', 'Shoulder Press'), -- Machine
('app-01KE649S47GZDS707CN7EXPFDS', 'Shoulder Press ( Loaded)'), -- Plate
('app-01KE649S41AJXMVJZXPPE516PH', 'Shoulderpress'),
('app-01KE649S4B0TF96PGEANSJ2XBG', 'Shrug'), -- Barbell
('app-01KE649S4E1XBV39657YW2FK4D', 'Shrug'), -- Dumbbell
('app-01KE649S4HJPW6KX1B82EN2WNW', 'Shrug'), -- Machine
('app-01KE649S4MEW0MCGJS1TDJE72J', 'Shrug'), -- Smith Machine
('app-01KE649S4QG4QEV3S80A8EV65A', 'Side Bend'), -- Band
('app-01KE649S4T9SWHH5RQCJRA26X2', 'Side Bend'), -- Cable
('app-01KE649S4XJ9RC1W8A0RGQCPJP', 'Side Bend'), -- Dumbbell
('app-01KE649S504G4S4G76A00Q4J1K', 'Side Plank'),
('app-01KE649S53QKKD1Z2S108XMYCX', 'Single Leg Bridge'),
('app-01KE649S56FRGMB1SQKY86EMPZ', 'Single-Leg Romanian Deadlift'),
('app-01KE649S5989CZAE20316BV31F', 'Sissy Squat'),
('app-01KE649S5C847BD1STQZBC5BA8', 'Sit Up'),
('app-01KE649S5FV8465ZF05XRP7K9J', 'Skating'),
('app-01KE649S5KJ0E0SDMKRRJX4GWM', 'Skiing'),
('app-01KE649S5PWK3QNRREJF1MR9MF', 'Skullcrusher'), -- Barbell
('app-01KE649S5S3BV63153M6D1P3H9', 'Skullcrusher'), -- Dumbbell
('app-01KE649S5W12569FMY60R869R6', 'Snatch'),
('app-01KE649S5Z0HKWARFGBXDAJBZE', 'Snatch Pull'),
('app-01KE649S624QW8RQ31XGZGRXYF', 'Snowboarding'),
('app-01KE649S65YFTPDFM5CY8YFR2E', 'Split Jerk'),
('app-01KE649S68EAVS6P9EKGSCZD0V', 'Squat'), -- Band
('app-01KE649S6CVNW2W5PJQVYV3YY6', 'Squat'), -- Barbell
('app-01KE649S6F442Y8K9MCPZXZ5NM', 'Squat'), -- Bodyweight
('app-01KE649S6JP366XQD5GP3F0MHM', 'Squat'), -- Dumbbell
('app-01KE649S6NWQT9RSAKP53D941K', 'Squat'), -- Machine
('app-01KE649S6V1B1B5CBZAAFF2XPG', 'Squat'), -- Smith Machine
('app-01KE649S6R0P8E4XZH7DCJEN9Y', 'Squat Row'),
('app-01KE649S6YFFJ0P2SFJ6W5D6H9', 'Squeeze Press'),
('app-01KE649S71FKHZS29CFVM93RAA', 'Standing Calf Raise'), -- Barbell
('app-01KE649S7EX5BXREHXC822DEV4', 'Standing Calf Raise'), -- Bodyweight
('app-01KE649S74YXS06HPXYFJC5QQS', 'Standing Calf Raise'), -- Dumbbell
('app-01KE649S78PMC8Y5B900749PAB', 'Standing Calf Raise'), -- Machine
('app-01KE649S7BB142PVQVKB0865YW', 'Standing Calf Raise'), -- Smith Machine
('app-01KE649S7H421DSV811KR9CA49', 'Step-up'),
('app-01KE649S7NRFG4KBC0XB239KHZ', 'Stiff Leg Deadlift'), -- Barbell
('app-01KE649S7RH0XW6MQ2923XNDDT', 'Stiff Leg Deadlift'), -- Dumbbell
('app-01KE649S7V4QZS1QJZTM54WYS1', 'Straight Arm Pulldown'),
('app-01KE649S7YQD91DJ0FBARX4G17', 'Straight Leg Deadlift'),
('app-01KE649S8138JER2MF80V88XR8', 'Stretching'),
('app-01KE649S85Q362JDBREMXX0R6T', 'Strict Military Press'),
('app-01KE649S88T13WEY3EB1H734V0', 'Sumo Deadlift'),
('app-01KE649S8BEV3FDJ9EK64PGFAP', 'Sumo Deadlift High Pull'),
('app-01KE649S8EKSQSNB64K23QRP00', 'Superman'),
('app-01KE649S8HM73FEE9DYZNW9AJN', 'Swimming'),
('app-01KE649S8MNE0KX6JES21HX24A', 'T Bar Row'),
('app-01KE649S8QT1EDX98MB4Y2Y2NG', 'Thruster'), -- Barbell
('app-01KE649S8VC4YDQKA0X1V6J6E3', 'Thruster'), -- Kettlebell
('app-01KE649S8Y0PDC8XQ1HMVZ6DKE', 'Toes To Bar'),
('app-01KE649S91FR9E2M144J4HZR53', 'Torso Rotation'),
('app-01KE649S94AMSGYCDXV527Q9XW', 'Trap Bar Deadlift'),
('app-01KE649SA0NEF3WXHGSR1V1VN8', 'tricep Flat Bar'),
('app-01KE649S97Q7YZPF4B5JG07DG1', 'Triceps Dip'), -- Bodyweight
('app-01KE649S9APQSR4XCJP6EBAZYN', 'Triceps Dip'), -- Assisted
('app-01KE649S9EKMF7MY11QJGBKKH7', 'Triceps Extension'), -- Bodyweight
('app-01KE649S9JYG496FXSDYE74TBR', 'Triceps Extension'), -- Barbell
('app-01KE649S9NG3S8EDMBDEQCTSZ6', 'Triceps Extension'), -- Cable
('app-01KE649S9SNY84BB7PSFPVDJS7', 'Triceps Extension'), -- Dumbbell
('app-01KE649S9W3GQWH5KZAPBNZ3Y2', 'Triceps Extension'), -- Machine
('app-01KE649SA3MR0AAWSVH0G0HJTQ', 'Triceps Pressdown'),
('app-01KE649SA771M1GMGD0NV11SEC', 'Triceps Pushdown'),
('app-01KE649SABWKBVMVHTA8Q8KX38', 'Upright Row'), -- Barbell
('app-01KE649SAFMZT21WQYY6JNNSJ5', 'Upright Row'), -- Cable
('app-01KE649SAJEAA8MEW7PSD7P2T2', 'Upright Row'), -- Dumbbell
('app-01KE649SAPCT2WM1T4B0J1VGA0', 'V Up'),
('app-01KE649SATPSZ3WSHDEE392R6R', 'Walking'),
('app-01KE649SAYZT56TQ9ZHB8P3WYC', 'Walking Lunge'),
('app-01KE649SB2GEYRK4FZCHQYMF06', 'Wall Sit'),
('app-01KE649SB7R7YNA4VE7Y24TEYR', 'Wide Pull Up'),
('app-01KE649SBBYXVS7RD1Q4Y7TVX8', 'Windshield Wiper'),
('app-01KE649SBEFYDHPSWWMJG2GX0D', 'World''s Greatest Stretch'),
('app-01KE649SBJY589Z5BB275PC8HP', 'Wrist Curl'),
('app-01KE649SBN9GPN41VZXE3EZCNH', 'Wrist Roller'),
('app-01KE649SBS461NCN9TSYRXRNR7', 'Yoga'),
('app-01KE649SBWWV8WHC87536QQTCM', 'Zercher Squat'),
('app-01KE649SC0AV47ME4ZMF3NFRJ1', 'Zottman Curl');

-- Step 4: Link exercises to body parts (exercise_body_part)
-- Generated by generate-exercise-mappings.ts

INSERT INTO exercise_body_part (id, exercise_id, body_part_category_id) VALUES
('app-01KE66CZXDZQGRXM1Y1KWRZK2H', 'app-01KE649R21JCQEZQX4WD88W769', 'app-01KE649R5754DVZ7Z6YCJ810JN'),
('app-01KE66CZXF92NHRQW5M9X6FDB1', 'app-01KE649R2405SY8E2N83D8RSS1', 'app-01KE649R50J1JXB6N8DV4KPDZN'),
('app-01KE66CZXF3GYRFNKXG8EFB2PA', 'app-01KE649R2AZC9S7YFB0X3GAR5C', 'app-01KE649R5N08QYB5BC7RPF9VK0'),
('app-01KE66CZXFZ56A6NZ7TJVZ8BYT', 'app-01KE649R27A1VGJGTFYP1NTCH6', 'app-01KE649R54WA0KANY9EPSJ9D07'),
('app-01KE66CZXF8T6AXA4WC0PD3W8E', 'app-01KE649R2F2K217WZY43G4EX0G', 'app-01KE649R4XWMJG7QSSQ31MMMZW'),
('app-01KE66CZXFZ6Q91BYQ320VWSAM', 'app-01KE649R2J18C5K5261V4H012M', 'app-01KE649R5A145SSA6ER85K5426'),
('app-01KE66CZXF7GVHZKNY1S8ZTMHH', 'app-01KE649R2ND0051KFVFEVZ8339', 'app-01KE649R4XWMJG7QSSQ31MMMZW'),
('app-01KE66CZXF91YQJWR8FGECMAV7', 'app-01KE649R2ND0051KFVFEVZ8339', 'app-01KE649R5KM33Y6KTHY890Z28X'),
('app-01KE66CZXFXQVCWHHKT8N2KXDB', 'app-01KE649R2RW58W4B1KBVHZB16W', 'app-01KE649R50J1JXB6N8DV4KPDZN'),
('app-01KE66CZXFG7K9PAEB9D8N4S3W', 'app-01KE649R2VAVWWKS3PBMSY6M8W', 'app-01KE649R4T0ZWTP42EE3MM042G'),
('app-01KE66CZXF3NEA4SW2CQFEYWBQ', 'app-01KE649R2Y6F4GV5R5V42Q3SET', 'app-01KE649R4T0ZWTP42EE3MM042G'),
('app-01KE66CZXFFS3032G3H0JW88E8', 'app-01KE649R3DHD6HFEM69RKAA5BE', 'app-01KE649R54WA0KANY9EPSJ9D07'),
('app-01KE66CZXF765WEN632XYCJS0S', 'app-01KE649R30T6WPRXDA5JTQXRVK', 'app-01KE649R4T0ZWTP42EE3MM042G'),
('app-01KE66CZXFVDWPMTVMMXEYPPAX', 'app-01KE649R3G7ZBK12BFYN524VWM', 'app-01KE649R54WA0KANY9EPSJ9D07'),
('app-01KE66CZXFZ9BFR8YTSVK4KXS6', 'app-01KE649R3ZKSW8RJK55YHXHRFK', 'app-01KE649R4XWMJG7QSSQ31MMMZW'),
('app-01KE66CZXFWBEAHZWM0ENAPYDR', 'app-01KE649R3SGW1J64BZ3JQ1ADDY', 'app-01KE649R4XWMJG7QSSQ31MMMZW'),
('app-01KE66CZXFT494121J7H5GZFT5', 'app-01KE649R3WPW39H95PPTMHK2R0', 'app-01KE649R4XWMJG7QSSQ31MMMZW'),
('app-01KE66CZXFRNGDSS1MXQY7S5BP', 'app-01KE649R4BVKJ25QRJMDTPJ23F', 'app-01KE649R4T0ZWTP42EE3MM042G'),
('app-01KE66CZXFHMPGBXMM4BM8CHX7', 'app-01KE649R4DXDNSFSCN2CS9F9J7', 'app-01KE649R5754DVZ7Z6YCJ810JN'),
('app-01KE66CZXFH0ZERWFCJ121D4JD', 'app-01KE649R4GJW90E9JF0K7P8ENV', 'app-01KE649R5754DVZ7Z6YCJ810JN'),
('app-01KE66CZXGANXKA0XMZF8WV3B4', 'app-01KE649R4M6QKA11J00QGRMH7Z', 'app-01KE649R5DHZ4JTRK9860ERQKQ'),
('app-01KE66CZXGY9W5XSQVS3PYNXKH', 'app-01KE649R4Q1SVFYD7BYS22EBGF', 'app-01KE649R5DHZ4JTRK9860ERQKQ'),
('app-01KE66CZXGWA55NRPMTZDF180G', 'app-01KE649R5SM9FZ8112T0VN66ZN', 'app-01KE649R5DHZ4JTRK9860ERQKQ'),
('app-01KE66CZXG4EHCPZDM2CTTTS3T', 'app-01KE649R5WNJQ064GWBP2PPAF4', 'app-01KE649R5A145SSA6ER85K5426'),
('app-01KE66CZXG7RC4Z904FMX7TZ4Z', 'app-01KE649R6106VYA444CDW46847', 'app-01KE649R54WA0KANY9EPSJ9D07'),
('app-01KE66CZXGDXZJGDPZBD5KS9XK', 'app-01KE649R5YTR6AZS54ZAHF7C6Q', 'app-01KE649R5754DVZ7Z6YCJ810JN'),
('app-01KE66CZXGWZ6EA7P1MQJFAHGM', 'app-01KE649R64NW4233YR4W67H7XK', 'app-01KE649R4T0ZWTP42EE3MM042G'),
('app-01KE66CZXGKGZT2ZG3ZEKTEANX', 'app-01KE649R67CQQ0BBCXYFGXZZWT', 'app-01KE649R5DHZ4JTRK9860ERQKQ'),
('app-01KE66CZXG2E9SWAF2XDDMS4MJ', 'app-01KE649R6AWPMFZ80R2EEGBABR', 'app-01KE649R5754DVZ7Z6YCJ810JN'),
('app-01KE66CZXGQ2J1JWEK9B9WEYKK', 'app-01KE649R6F98AX74S4R3M0F8X4', 'app-01KE649R5DHZ4JTRK9860ERQKQ'),
('app-01KE66CZXGKY0XEJER44XXF98B', 'app-01KE649R6D4Q97E2DCW2514CZY', 'app-01KE649R5DHZ4JTRK9860ERQKQ'),
('app-01KE66CZXGT7YKVJ9QT37XBH0Z', 'app-01KE649R6JRPGKF4Y7687NEM4Y', 'app-01KE649R5KM33Y6KTHY890Z28X'),
('app-01KE66CZXG3JYBXXKQ0YG7JB6W', 'app-01KE649R6R5ZHEKHTVMAY9R7BS', 'app-01KE649R54WA0KANY9EPSJ9D07'),
('app-01KE66CZXGPSM05GN4X1ZV7KMW', 'app-01KE649R71GSZG5BS5M600SD3V', 'app-01KE649R54WA0KANY9EPSJ9D07'),
('app-01KE66CZXGYQR1Z72TTF6EJKM9', 'app-01KE649R77SXW1FH959ZFBT5GG', 'app-01KE649R54WA0KANY9EPSJ9D07'),
('app-01KE66CZXGEDVFDY6V2H9V0V8S', 'app-01KE649R7A9BNP1G6Z7M8VZ6YM', 'app-01KE649R4XWMJG7QSSQ31MMMZW'),
('app-01KE66CZXGAHP0218Q9KQJ8PY9', 'app-01KE649R7F9CE9RM4BRZY6KJYT', 'app-01KE649R4XWMJG7QSSQ31MMMZW');

INSERT INTO exercise_body_part (id, exercise_id, body_part_category_id) VALUES
('app-01KE66CZXGPFZZRA8V07N82ND2', 'app-01KE649R7F9CE9RM4BRZY6KJYT', 'app-01KE649R4XWMJG7QSSQ31MMMZW'),
('app-01KE66CZXGTEMF95VWTFHPA3P1', 'app-01KE649R7JTN7GNR4GRF9418YW', 'app-01KE649R5G1FZHV82AK8VQGMWG'),
('app-01KE66CZXGKEWMD0ZPY1HEMBKN', 'app-01KE649R7M7XC613FRVHFN5QTB', 'app-01KE649R5G1FZHV82AK8VQGMWG'),
('app-01KE66CZXG8TFZYZ0PZV9HQ982', 'app-01KE649R7Q41FZJ6A11S9KB6AH', 'app-01KE649R50J1JXB6N8DV4KPDZN'),
('app-01KE66CZXGC2ZTVQYKS5N7XPD5', 'app-01KE649R7T9Y9MMRBC9RJKA9WP', 'app-01KE649R5KM33Y6KTHY890Z28X'),
('app-01KE66CZXG9TPN59HR2481VRJ6', 'app-01KE649R7WE4JWG62RHF7Z23XQ', 'app-01KE649R4T0ZWTP42EE3MM042G'),
('app-01KE66CZXGHZX9723ET7MNANAJ', 'app-01KE649R7ZFVYD4S6CAREM33H0', 'app-01KE649R5DHZ4JTRK9860ERQKQ'),
('app-01KE66CZXGF994548YQ96MAJTM', 'app-01KE649R824MFPKA6SBRZX9XGV', 'app-01KE649R5754DVZ7Z6YCJ810JN'),
('app-01KE66CZXG0574RQ9MXZQG9HFM', 'app-01KE649R842J418C3ZH4PWTBJC', 'app-01KE649R4T0ZWTP42EE3MM042G'),
('app-01KE66CZXGDNRP5G7FVZEHTXBN', 'app-01KE649R8DDZPPC0QZ0X1PWM0W', 'app-01KE649R5754DVZ7Z6YCJ810JN'),
('app-01KE66CZXGH2R7R9234PYA4JK2', 'app-01KE649R8DDZPPC0QZ0X1PWM0W', 'app-01KE649R5754DVZ7Z6YCJ810JN'),
('app-01KE66CZXGWDMYMQPV7JQNAGFK', 'app-01KE649R8DDZPPC0QZ0X1PWM0W', 'app-01KE649R5754DVZ7Z6YCJ810JN'),
('app-01KE66CZXG2G0MRVD7WX1GJ0NZ', 'app-01KE649R8GVG7F67NTFQBFA9RP', 'app-01KE649R5N08QYB5BC7RPF9VK0'),
('app-01KE66CZXG0Q0SBGSE1ZJ0JKPT', 'app-01KE649R8K1GQJ174A0QEJBZFE', 'app-01KE649R5DHZ4JTRK9860ERQKQ'),
('app-01KE66CZXGAX93ZY08RTQAZ0RP', 'app-01KE649R8R865NZGE06TGJ0TX8', 'app-01KE649R50J1JXB6N8DV4KPDZN'),
('app-01KE66CZXGKT47R95TR3K849XC', 'app-01KE649R8R865NZGE06TGJ0TX8', 'app-01KE649R50J1JXB6N8DV4KPDZN'),
('app-01KE66CZXGTXXAHV31CP6P8NRG', 'app-01KE649R8V1FAXZ9Z4E85P9WWX', 'app-01KE649R5754DVZ7Z6YCJ810JN'),
('app-01KE66CZXG9YE8K4ZCBCX76A1S', 'app-01KE649R9AJJEY97C4SQMPGK0P', 'app-01KE649R4XWMJG7QSSQ31MMMZW'),
('app-01KE66CZXGN6B2CVGFTQE4HFZ5', 'app-01KE649R9AJJEY97C4SQMPGK0P', 'app-01KE649R5DHZ4JTRK9860ERQKQ'),
('app-01KE66CZXG8HFR25WDYPV66MSW', 'app-01KE649R9AJJEY97C4SQMPGK0P', 'app-01KE649R4XWMJG7QSSQ31MMMZW'),
('app-01KE66CZXH1V3BNB21MQEPB61M', 'app-01KE649R9AJJEY97C4SQMPGK0P', 'app-01KE649R4XWMJG7QSSQ31MMMZW'),
('app-01KE66CZXHD7VTZ1YD2NBSQ1Z5', 'app-01KE649R9AJJEY97C4SQMPGK0P', 'app-01KE649R5DHZ4JTRK9860ERQKQ'),
('app-01KE66CZXH6NBJ7ZM5TZHDN9CC', 'app-01KE649R9AJJEY97C4SQMPGK0P', 'app-01KE649R4XWMJG7QSSQ31MMMZW'),
('app-01KE66CZXHAM7VRGVXDH4VSC6X', 'app-01KE649R9AJJEY97C4SQMPGK0P', 'app-01KE649R5DHZ4JTRK9860ERQKQ'),
('app-01KE66CZXHT9QN8BT9BCR0C5QD', 'app-01KE649R969NQ6RCD3FVNNKG9P', 'app-01KE649R5G1FZHV82AK8VQGMWG'),
('app-01KE66CZXHCPKDN3QVKJHHDDFY', 'app-01KE649R9K9WFZJNYDK9Z3FM9Z', 'app-01KE649R54WA0KANY9EPSJ9D07'),
('app-01KE66CZXH41EHEREKFXAPF3NX', 'app-01KE649R9K9WFZJNYDK9Z3FM9Z', 'app-01KE649R54WA0KANY9EPSJ9D07'),
('app-01KE66CZXH593GZH6XMSYZ39EV', 'app-01KE649R9K9WFZJNYDK9Z3FM9Z', 'app-01KE649R54WA0KANY9EPSJ9D07'),
('app-01KE66CZXH2QXF94VVM605CS41', 'app-01KE649R9PXNTRR4EA0002NCPC', 'app-01KE649R5754DVZ7Z6YCJ810JN'),
('app-01KE66CZXHC47QFQM1SMXAFH4V', 'app-01KE649R9S670TB998ZGFB5DBF', 'app-01KE649R4XWMJG7QSSQ31MMMZW'),
('app-01KE66CZXHRGZ5HNKVHSEGDTFR', 'app-01KE649R9S670TB998ZGFB5DBF', 'app-01KE649R5DHZ4JTRK9860ERQKQ'),
('app-01KE66CZXH6SXX0Z75230E6M1V', 'app-01KE649R9WA9B5Z4YA7ND7XFAP', 'app-01KE649R4T0ZWTP42EE3MM042G'),
('app-01KE66CZXHRE2WWJRY1N4R2NQJ', 'app-01KE649RKJM9KM8NS791SBGPXQ', 'app-01KE649R50J1JXB6N8DV4KPDZN'),
('app-01KE66CZXHHEPZ56N0F31HY394', 'app-01KE649RPCW6BE1YJ0VYSGPT5X', 'app-01KE649R5N08QYB5BC7RPF9VK0'),
('app-01KE66CZXHRGSK2RNYMP54P7VA', 'app-01KE649RPJ2RZYQKTYBTS4E27Y', 'app-01KE649R5754DVZ7Z6YCJ810JN'),
('app-01KE66CZXHED32K44SEE4331KP', 'app-01KE649RPNZZXWZKRPQXKB5MMJ', 'app-01KE649R5754DVZ7Z6YCJ810JN'),
('app-01KE66CZXHGWCTHC8S3QMMS984', 'app-01KE649RPS0XNG8N41378AC9Z6', 'app-01KE649R54WA0KANY9EPSJ9D07'),
('app-01KE66CZXHKG0WN795XY7M7PTP', 'app-01KE649RPS0XNG8N41378AC9Z6', 'app-01KE649R5KM33Y6KTHY890Z28X'),
('app-01KE66CZXHCN9D42X98RZCGF61', 'app-01KE649RQ507VM700ABR0X72R9', 'app-01KE649R5N08QYB5BC7RPF9VK0'),
('app-01KE66CZXH0YMY0V4MR551WCFK', 'app-01KE649RQ507VM700ABR0X72R9', 'app-01KE649R5N08QYB5BC7RPF9VK0'),
('app-01KE66CZXHMFV7J1BEAVVRHVDZ', 'app-01KE649RQ507VM700ABR0X72R9', 'app-01KE649R5N08QYB5BC7RPF9VK0'),
('app-01KE66CZXHJ7N3A41KVFDMCA4E', 'app-01KE649RQ507VM700ABR0X72R9', 'app-01KE649R5N08QYB5BC7RPF9VK0'),
('app-01KE66CZXHD6PEYA4ZMC5Q19PD', 'app-01KE649RQ507VM700ABR0X72R9', 'app-01KE649R5N08QYB5BC7RPF9VK0'),
('app-01KE66CZXHFVZKDYEY0SG5NGG5', 'app-01KE649RQB6WGGH0WQF73544DS', 'app-01KE649R5DHZ4JTRK9860ERQKQ'),
('app-01KE66CZXHZ8H7N4B90GP1FZPT', 'app-01KE649RQHG0E6FCG9DTGBYPKE', 'app-01KE649R5DHZ4JTRK9860ERQKQ'),
('app-01KE66CZXHZ7X1AJHSCG3BSRW4', 'app-01KE649RQHG0E6FCG9DTGBYPKE', 'app-01KE649R5DHZ4JTRK9860ERQKQ'),
('app-01KE66CZXH7CG5065V1S41Y5R8', 'app-01KE649RQNQH57FMCM822XJETG', 'app-01KE649R5DHZ4JTRK9860ERQKQ'),
('app-01KE66CZXHFGP6BQTPN6XA5YMG', 'app-01KE649RQR4RZDWWDN7XD2FY6E', 'app-01KE649R5DHZ4JTRK9860ERQKQ'),
('app-01KE66CZXH9WBVTMH2EFHV2VA4', 'app-01KE649RQVRAS3DPHVP57TEMR5', 'app-01KE649R5DHZ4JTRK9860ERQKQ'),
('app-01KE66CZXH8CM9000R2DV16B5J', 'app-01KE649RQZ2J9298C3K7KRSZXZ', 'app-01KE649R4XWMJG7QSSQ31MMMZW');

INSERT INTO exercise_body_part (id, exercise_id, body_part_category_id) VALUES
('app-01KE66CZXH9PW69ZZ174DNKTG6', 'app-01KE649RR5VDFXKEABEK2YZ2AK', 'app-01KE649R5DHZ4JTRK9860ERQKQ'),
('app-01KE66CZXHTDGVQP7NYP9RVX84', 'app-01KE649RR5VDFXKEABEK2YZ2AK', 'app-01KE649R5DHZ4JTRK9860ERQKQ'),
('app-01KE66CZXH0VWEZE03JQ4YPRZV', 'app-01KE649RRFBV8CJ4DFTMZ5TTKH', 'app-01KE649R4T0ZWTP42EE3MM042G'),
('app-01KE66CZXHBVCCAKJXCG590NQQ', 'app-01KE649RRFBV8CJ4DFTMZ5TTKH', 'app-01KE649R4T0ZWTP42EE3MM042G'),
('app-01KE66CZXHYA4S24XZW4DQCQ5A', 'app-01KE649RRFBV8CJ4DFTMZ5TTKH', 'app-01KE649R4T0ZWTP42EE3MM042G'),
('app-01KE66CZXHNYACKNY7R8CF5ZP0', 'app-01KE649RRJP80MJNEMVNVR4P11', 'app-01KE649R54WA0KANY9EPSJ9D07'),
('app-01KE66CZXHY44QMB03RWBSCZX5', 'app-01KE649RRJP80MJNEMVNVR4P11', 'app-01KE649R5DHZ4JTRK9860ERQKQ'),
('app-01KE66CZXHMKESVE6MF7PYTFK9', 'app-01KE649RRNYYNXHMFEDXDZ5JWS', 'app-01KE649R5G1FZHV82AK8VQGMWG'),
('app-01KE66CZXHG1NFCFGHV6CF6HT7', 'app-01KE649RRZ38R11DXSYH31G5F8', 'app-01KE649R5G1FZHV82AK8VQGMWG'),
('app-01KE66CZXH6CF0D6B0W7GX1ND9', 'app-01KE649RRR9KZ7C6MVMJA7V5CA', 'app-01KE649R5754DVZ7Z6YCJ810JN'),
('app-01KE66CZXJJ401CRA5WPCSMSDB', 'app-01KE649RRVG79Z9JNEZRZX6P6B', 'app-01KE649R5754DVZ7Z6YCJ810JN'),
('app-01KE66CZXJ2ZGGK5P2RGWNWKY7', 'app-01KE649RS208PNST6WW67CHR76', 'app-01KE649R5DHZ4JTRK9860ERQKQ'),
('app-01KE66CZXJAFKF1C7VCDFT9A32', 'app-01KE649RS5Q66XPTR4BX8R39MY', 'app-01KE649R50J1JXB6N8DV4KPDZN'),
('app-01KE66CZXJJ6YKJ6XNJWQQFJBP', 'app-01KE649RS8QFV656XPMM8YCJ8D', 'app-01KE649R5DHZ4JTRK9860ERQKQ'),
('app-01KE66CZXJE6YB0KT8XG33QT15', 'app-01KE649RS8QFV656XPMM8YCJ8D', 'app-01KE649R5KM33Y6KTHY890Z28X'),
('app-01KE66CZXJN6DSX2843J14S6N0', 'app-01KE649RSBEHNSMBDS50BK3SDR', 'app-01KE649R5DHZ4JTRK9860ERQKQ'),
('app-01KE66CZXJET9E5T8DGCS2SAH4', 'app-01KE649RSBEHNSMBDS50BK3SDR', 'app-01KE649R5KM33Y6KTHY890Z28X'),
('app-01KE66CZXJE5EDD89J870KK29E', 'app-01KE649RSE481357RP8WCEW34H', 'app-01KE649R5KM33Y6KTHY890Z28X'),
('app-01KE66CZXJ0RQXT4DE0R52HX7A', 'app-01KE649RSQSGDYVNMRD9FQVQTY', 'app-01KE649R5DHZ4JTRK9860ERQKQ'),
('app-01KE66CZXJK8ZGDBD7QCTZZCCZ', 'app-01KE649RSQSGDYVNMRD9FQVQTY', 'app-01KE649R5DHZ4JTRK9860ERQKQ'),
('app-01KE66CZXJJ2KYG49TZS4ZMQJT', 'app-01KE649RSQSGDYVNMRD9FQVQTY', 'app-01KE649R5DHZ4JTRK9860ERQKQ'),
('app-01KE66CZXJMGSAWN6G60GTBSZK', 'app-01KE649RSXE21YF5G5JVAFVWY0', 'app-01KE649R5754DVZ7Z6YCJ810JN'),
('app-01KE66CZXJYDZT86XQZHXAVTTY', 'app-01KE649RTDT6F8FK63GNSJGNVQ', 'app-01KE649R54WA0KANY9EPSJ9D07'),
('app-01KE66CZXJ1796XPFSR5CF4WJC', 'app-01KE649RTDT6F8FK63GNSJGNVQ', 'app-01KE649R54WA0KANY9EPSJ9D07'),
('app-01KE66CZXJR0Z87D385M53G3FS', 'app-01KE649RTDT6F8FK63GNSJGNVQ', 'app-01KE649R54WA0KANY9EPSJ9D07'),
('app-01KE66CZXJ3EGJQJWXZYFA3EBD', 'app-01KE649RTDT6F8FK63GNSJGNVQ', 'app-01KE649R54WA0KANY9EPSJ9D07'),
('app-01KE66CZXJ635KT49BD6S2E8MP', 'app-01KE649RT0N7HKKG6E66GX1SAZ', 'app-01KE649R54WA0KANY9EPSJ9D07'),
('app-01KE66CZXJ2NGCAVCR6V4YJ102', 'app-01KE649RT21YA7H9QHFZYCTEH9', 'app-01KE649R54WA0KANY9EPSJ9D07'),
('app-01KE66CZXJNSPTHH22JS815GZF', 'app-01KE649RTG8V69TCTQNYETNNSS', 'app-01KE649R4T0ZWTP42EE3MM042G'),
('app-01KE66CZXJ9BJ7PXW3W0CP8RHS', 'app-01KE649RTKMAJG8X30AQV1SEM0', 'app-01KE649R4XWMJG7QSSQ31MMMZW'),
('app-01KE66CZXJN1BY912AVPH0PG2T', 'app-01KE649RTNKNY9CF5YDXNMPA9K', 'app-01KE649R4XWMJG7QSSQ31MMMZW'),
('app-01KE66CZXJHCCF0KD91QF7N41S', 'app-01KE649RTRR8GHBARGQWDD7KYR', 'app-01KE649R54WA0KANY9EPSJ9D07'),
('app-01KE66CZXJ1KFA6G8N2NWVM0SW', 'app-01KE649RTWAQ5SR9ZW54N6DXB9', 'app-01KE649R4XWMJG7QSSQ31MMMZW'),
('app-01KE66CZXJDD4PP5EFTD2PRQNH', 'app-01KE649RTZ8XT6WBDKD1EGZPC8', 'app-01KE649R5754DVZ7Z6YCJ810JN'),
('app-01KE66CZXJFADP7S2S9X7AMPQ2', 'app-01KE649RV67SE0XHQPP1C8KQVZ', 'app-01KE649R50J1JXB6N8DV4KPDZN'),
('app-01KE66CZXJWC6NVERX7C04J46W', 'app-01KE649RV9H15F2QGBGXYA6GRB', 'app-01KE649R5G1FZHV82AK8VQGMWG'),
('app-01KE66CZXJ6ET8PZBRW8B52ZNC', 'app-01KE649RVCRQDVY69AA9194QYF', 'app-01KE649R5DHZ4JTRK9860ERQKQ'),
('app-01KE66CZXJDB3ZX7DZ055NEAJM', 'app-01KE649RV2QGPQ81CKGW02RKZH', 'app-01KE649R5A145SSA6ER85K5426'),
('app-01KE66CZXJ111267EFAA86VF0C', 'app-01KE649RVFGSFX5FMK4YHZ7SXM', 'app-01KE649R5A145SSA6ER85K5426'),
('app-01KE66CZXJJR3YPZ1BA51J8DH0', 'app-01KE649RVJE79TZM31F6MSWFK9', 'app-01KE649R5A145SSA6ER85K5426'),
('app-01KE66CZXJA2WCN9D43GG3898A', 'app-01KE649RVNFT7QMY336RYNEBBA', 'app-01KE649R4XWMJG7QSSQ31MMMZW'),
('app-01KE66CZXJHGM52ADNB7PK36DN', 'app-01KE649RVVADAB5QXPNT5SZYV8', 'app-01KE649R5754DVZ7Z6YCJ810JN'),
('app-01KE66CZXMXYRTZ7JPK4ADSE8G', 'app-01KE649RVRH10VP6MBCWH8CJZY', 'app-01KE649R4XWMJG7QSSQ31MMMZW'),
('app-01KE66CZXMRT7NZSF41Y6Y6MNM', 'app-01KE649RVZKBTX6SFYESSZT8RD', 'app-01KE649R5754DVZ7Z6YCJ810JN'),
('app-01KE66CZXM7XQYYHXD4HJEA157', 'app-01KE649RVZKBTX6SFYESSZT8RD', 'app-01KE649R5KM33Y6KTHY890Z28X'),
('app-01KE66CZXMF418Z6PF6A3Z6M4W', 'app-01KE649RW2GXTRGGG2ZJEV6NH8', 'app-01KE649R5N08QYB5BC7RPF9VK0'),
('app-01KE66CZXM7ADT301F2BG2MJTG', 'app-01KE649RWVB6FB8E3Z2RMBGXPJ', 'app-01KE649R4XWMJG7QSSQ31MMMZW'),
('app-01KE66CZXM2CNJJX71GEQYM05P', 'app-01KE649RWVB6FB8E3Z2RMBGXPJ', 'app-01KE649R4XWMJG7QSSQ31MMMZW'),
('app-01KE66CZXM3PD7EZT12G5NFYAV', 'app-01KE649RWVB6FB8E3Z2RMBGXPJ', 'app-01KE649R4XWMJG7QSSQ31MMMZW'),
('app-01KE66CZXMX5XS6FCE4XNSBPP4', 'app-01KE649RX23PEN2Z3VXYNSMMMZ', 'app-01KE649R4XWMJG7QSSQ31MMMZW');

INSERT INTO exercise_body_part (id, exercise_id, body_part_category_id) VALUES
('app-01KE66CZXMEMCKRZ1ZKD4J74H9', 'app-01KE649RX23PEN2Z3VXYNSMMMZ', 'app-01KE649R4XWMJG7QSSQ31MMMZW'),
('app-01KE66CZXMJ2Q84W224RV5YG8Y', 'app-01KE649RX5NJJ18Y3M5J7AEJ6T', 'app-01KE649R4XWMJG7QSSQ31MMMZW'),
('app-01KE66CZXMQDGCSQ1VFTCFZT3P', 'app-01KE649RW5164K7BM5VSNTBQ50', 'app-01KE649R5DHZ4JTRK9860ERQKQ'),
('app-01KE66CZXMD16Z71DP57J75703', 'app-01KE649RWJPQJ2E9QWZP7DVC0H', 'app-01KE649R5N08QYB5BC7RPF9VK0'),
('app-01KE66CZXM219VARD79S0X5HQK', 'app-01KE649RWJPQJ2E9QWZP7DVC0H', 'app-01KE649R5N08QYB5BC7RPF9VK0'),
('app-01KE66CZXMQB6CW3MG5WSTPBJD', 'app-01KE649RWJPQJ2E9QWZP7DVC0H', 'app-01KE649R5N08QYB5BC7RPF9VK0'),
('app-01KE66CZXMVB6PDN8SW1W6ECCW', 'app-01KE649RWJPQJ2E9QWZP7DVC0H', 'app-01KE649R5N08QYB5BC7RPF9VK0'),
('app-01KE66CZXMX0KX8Q0E0WXSSPP1', 'app-01KE649RX8CSNX00Z0YBY7B3HE', 'app-01KE649R5DHZ4JTRK9860ERQKQ'),
('app-01KE66CZXMN33BPFAWSCC252FK', 'app-01KE649RXBXE2BP0SE9JRDWP3Q', 'app-01KE649R5DHZ4JTRK9860ERQKQ'),
('app-01KE66CZXMSBNSEP9WFF4GB7AR', 'app-01KE649RXMNPBJJ3ZVEQPV4BSF', 'app-01KE649R5DHZ4JTRK9860ERQKQ'),
('app-01KE66CZXMYD6B522P58Q257DH', 'app-01KE649RXMNPBJJ3ZVEQPV4BSF', 'app-01KE649R5DHZ4JTRK9860ERQKQ'),
('app-01KE66CZXMJEAXP99BXESMGHNH', 'app-01KE649RXMNPBJJ3ZVEQPV4BSF', 'app-01KE649R5DHZ4JTRK9860ERQKQ'),
('app-01KE66CZXMRJ8WY7CZNK0SA2H6', 'app-01KE649RXQFR6VPGJ7WTFSPGX3', 'app-01KE649R5DHZ4JTRK9860ERQKQ'),
('app-01KE66CZXMQFZ8K5XYNY73P5QY', 'app-01KE649RXV62614A291T2WJCZN', 'app-01KE649R54WA0KANY9EPSJ9D07'),
('app-01KE66CZXM90KJZ6JQMM7YRNVJ', 'app-01KE649RXYNEB65FY4XX0BFG45', 'app-01KE649R4T0ZWTP42EE3MM042G'),
('app-01KE66CZXM1DJ5ZT94QNVPQX5N', 'app-01KE649RY1ER5ZCYNBFJTC1HE4', 'app-01KE649R4XWMJG7QSSQ31MMMZW'),
('app-01KE66CZXMDZF723WH50AT0M39', 'app-01KE649RY48SF663Z9E8GXA3MV', 'app-01KE649R5DHZ4JTRK9860ERQKQ'),
('app-01KE66CZXMCY7BJ0WZMSRHSZKC', 'app-01KE649RY7G9G29ZXN0MMG5Z02', 'app-01KE649R5A145SSA6ER85K5426'),
('app-01KE66CZXM6DK5BAYKCT4R05WR', 'app-01KE649RY9197BWH7M1Q66NH2W', 'app-01KE649R4T0ZWTP42EE3MM042G'),
('app-01KE66CZXMEA2H5X42ZM8SHD2X', 'app-01KE649RYDZDMPFBEEK0540CJ9', 'app-01KE649R5754DVZ7Z6YCJ810JN'),
('app-01KE66CZXMN2RT66CVV31EWSF9', 'app-01KE649RYS8PJ2SP1BEPEEE4T9', 'app-01KE649R5N08QYB5BC7RPF9VK0'),
('app-01KE66CZXM82EX8X3KBFTTA28C', 'app-01KE649RYS8PJ2SP1BEPEEE4T9', 'app-01KE649R5N08QYB5BC7RPF9VK0'),
('app-01KE66CZXMYXMYG2VY7702CQQF', 'app-01KE649RYS8PJ2SP1BEPEEE4T9', 'app-01KE649R5N08QYB5BC7RPF9VK0'),
('app-01KE66CZXM6V8FCB3ZNXESZSQE', 'app-01KE649RYS8PJ2SP1BEPEEE4T9', 'app-01KE649R5N08QYB5BC7RPF9VK0'),
('app-01KE66CZXM8R5PZ33JCP3M6A9M', 'app-01KE649RYWA19K9RJ7CZ370F4E', 'app-01KE649R5G1FZHV82AK8VQGMWG'),
('app-01KE66CZXM6M7Q9CFF28KC6SVB', 'app-01KE649RYZM2JBP4JXD6PZNJS7', 'app-01KE649R4T0ZWTP42EE3MM042G'),
('app-01KE66CZXM2EA6CMV2KM0Q3JQ2', 'app-01KE649RZ6596C87W7FJ6P365N', 'app-01KE649R5754DVZ7Z6YCJ810JN'),
('app-01KE66CZXND2TP62HJRDYK4D8V', 'app-01KE649RZ6596C87W7FJ6P365N', 'app-01KE649R5754DVZ7Z6YCJ810JN'),
('app-01KE66CZXNWJJR9QY2Y5HJ6C2V', 'app-01KE649RZ91RCBEY81SSFEQWFP', 'app-01KE649R54WA0KANY9EPSJ9D07'),
('app-01KE66CZXNV0HD90GV8M06GQDA', 'app-01KE649RZCK655BYEAY4DRPR2T', 'app-01KE649R4XWMJG7QSSQ31MMMZW'),
('app-01KE66CZXN29AQ1M4ZGQXPRVXA', 'app-01KE649RZFJ4VV3FE4VS46XAN6', 'app-01KE649R5DHZ4JTRK9860ERQKQ'),
('app-01KE66CZXNNXK4H2DK9AE3P2X7', 'app-01KE649RZJ0W8JBMTENEB460ZT', 'app-01KE649R5754DVZ7Z6YCJ810JN'),
('app-01KE66CZXN9ZH7GSNXCM0WSXN9', 'app-01KE649RZNHGF7FMTPQ0DZ0VFK', 'app-01KE649R5G1FZHV82AK8VQGMWG'),
('app-01KE66CZXNRP7WE5RGPYWEXM7K', 'app-01KE649RZRC3DCEP7W99WQ84BD', 'app-01KE649R5G1FZHV82AK8VQGMWG'),
('app-01KE66CZXNXDWM6JEDMF46TYYC', 'app-01KE649S02TECGG3AT17G5ZWAY', 'app-01KE649R4T0ZWTP42EE3MM042G'),
('app-01KE66CZXNB7VEGSFNHHX0BZ79', 'app-01KE649S02TECGG3AT17G5ZWAY', 'app-01KE649R4T0ZWTP42EE3MM042G'),
('app-01KE66CZXNW1CD8K5GMV2GZZ1H', 'app-01KE649S02TECGG3AT17G5ZWAY', 'app-01KE649R4T0ZWTP42EE3MM042G'),
('app-01KE66CZXNXJCG59MJH4EJQD4Y', 'app-01KE649S05F0ASQQE0P3CFJ2BX', 'app-01KE649R5G1FZHV82AK8VQGMWG'),
('app-01KE66CZXN3XXW712CESSMDD2A', 'app-01KE649S0K5B5Z08APDGVKJEA3', 'app-01KE649R4XWMJG7QSSQ31MMMZW'),
('app-01KE66CZXN1KGFHEDQ9YHF3K3V', 'app-01KE649S0K5B5Z08APDGVKJEA3', 'app-01KE649R4XWMJG7QSSQ31MMMZW'),
('app-01KE66CZXNFEPBFW0RGM2KN63B', 'app-01KE649S0K5B5Z08APDGVKJEA3', 'app-01KE649R4XWMJG7QSSQ31MMMZW'),
('app-01KE66CZXN49S705WVZEFMCFFX', 'app-01KE649S0AZQNEMXVV3M01Q580', 'app-01KE649R54WA0KANY9EPSJ9D07'),
('app-01KE66CZXNNQ250YAK9JD6ZSMF', 'app-01KE649S0AZQNEMXVV3M01Q580', 'app-01KE649R54WA0KANY9EPSJ9D07'),
('app-01KE66CZXN0395MXRTV497MKJF', 'app-01KE649S0P24F3WHMVVREBMQQ3', 'app-01KE649R5N08QYB5BC7RPF9VK0'),
('app-01KE66CZXNBQ1H8DT2A6DVT7KH', 'app-01KE649S1645JYS95VWAWWCG9J', 'app-01KE649R54WA0KANY9EPSJ9D07'),
('app-01KE66CZXNT9W5TQR0ET28ETD0', 'app-01KE649S1645JYS95VWAWWCG9J', 'app-01KE649R54WA0KANY9EPSJ9D07'),
('app-01KE66CZXNZTKYCGYKHC1H40GG', 'app-01KE649S1645JYS95VWAWWCG9J', 'app-01KE649R54WA0KANY9EPSJ9D07'),
('app-01KE66CZXNB62R08HKFXRGKK5D', 'app-01KE649S1645JYS95VWAWWCG9J', 'app-01KE649R54WA0KANY9EPSJ9D07'),
('app-01KE66CZXNMP6Z2WAAGEHTGSF2', 'app-01KE649S1645JYS95VWAWWCG9J', 'app-01KE649R54WA0KANY9EPSJ9D07'),
('app-01KE66CZXNSQHV44DJFPTE8GPD', 'app-01KE649S19MHYM1FAKN33ESZT2', 'app-01KE649R4XWMJG7QSSQ31MMMZW');

INSERT INTO exercise_body_part (id, exercise_id, body_part_category_id) VALUES
('app-01KE66CZXN1P2VWCWYR1WQ0G7N', 'app-01KE649S1CGF86DNDMP48XGYXA', 'app-01KE649R5N08QYB5BC7RPF9VK0'),
('app-01KE66CZXN9X5X82XXAP1CKKHM', 'app-01KE649S1FSZPXPFV7APQMSXEZ', 'app-01KE649R5754DVZ7Z6YCJ810JN'),
('app-01KE66CZXNSFMWB615VTCXDKCM', 'app-01KE649S1NQRD5T1F3WEVQMCBW', 'app-01KE649R4T0ZWTP42EE3MM042G'),
('app-01KE66CZXN6TKECNPJD7AWSPA4', 'app-01KE649S1NQRD5T1F3WEVQMCBW', 'app-01KE649R4T0ZWTP42EE3MM042G'),
('app-01KE66CZXNNGKZVDG4WQNE9AH7', 'app-01KE649S1NQRD5T1F3WEVQMCBW', 'app-01KE649R4T0ZWTP42EE3MM042G'),
('app-01KE66CZXN5ZSR695A181CB74E', 'app-01KE649S20TCKAS84XPK5XEP7F', 'app-01KE649R5N08QYB5BC7RPF9VK0'),
('app-01KE66CZXN15EDSQVAGA6FW75P', 'app-01KE649S20TCKAS84XPK5XEP7F', 'app-01KE649R54WA0KANY9EPSJ9D07'),
('app-01KE66CZXNY9NXHV85WD75A9P1', 'app-01KE649S20TCKAS84XPK5XEP7F', 'app-01KE649R5N08QYB5BC7RPF9VK0'),
('app-01KE66CZXNQ94MKJ6C39FY2AVC', 'app-01KE649S20TCKAS84XPK5XEP7F', 'app-01KE649R5N08QYB5BC7RPF9VK0'),
('app-01KE66CZXN07Q9J1HE9R8ZMXS7', 'app-01KE649S29VXFG2WVJ2TR6V720', 'app-01KE649R4T0ZWTP42EE3MM042G'),
('app-01KE66CZXNYCCD9AGKVFYKPV71', 'app-01KE649S23A1Q0V2ETWXVP5YST', 'app-01KE649R5DHZ4JTRK9860ERQKQ'),
('app-01KE66CZXNQD6KMMWJYN7GN84Z', 'app-01KE649S26WNZ8Z4RYQHJ4VN00', 'app-01KE649R5754DVZ7Z6YCJ810JN'),
('app-01KE66CZXNKVD9X24GN249J2JK', 'app-01KE649S2FQP180BFDNG1DWJJC', 'app-01KE649R4XWMJG7QSSQ31MMMZW'),
('app-01KE66CZXN5GCEVZ41YKJQXECE', 'app-01KE649S2FQP180BFDNG1DWJJC', 'app-01KE649R5DHZ4JTRK9860ERQKQ'),
('app-01KE66CZXNS7XZH4B33JM78NJG', 'app-01KE649S2J095ZP9ETH04Z7NC7', 'app-01KE649R50J1JXB6N8DV4KPDZN'),
('app-01KE66CZXPKJYNJH7CR5BNRMQP', 'app-01KE649S2STZZ7QARCEZD3522P', 'app-01KE649R50J1JXB6N8DV4KPDZN'),
('app-01KE66CZXPE8SVVWTH2WFEARVA', 'app-01KE649S2STZZ7QARCEZD3522P', 'app-01KE649R50J1JXB6N8DV4KPDZN'),
('app-01KE66CZXP2E5A1HJHEAM1VPM7', 'app-01KE649S2VP5EY7CR561TTE3RR', 'app-01KE649R5754DVZ7Z6YCJ810JN'),
('app-01KE66CZXP9HMNVKC3Z3HRYJKH', 'app-01KE649S2Y9EY49R2QM3XH2EH3', 'app-01KE649R54WA0KANY9EPSJ9D07'),
('app-01KE66CZXPC7V9ZVTGXAZGWNZ8', 'app-01KE649S34RY5H1PWF2N5H27SB', 'app-01KE649R5DHZ4JTRK9860ERQKQ'),
('app-01KE66CZXP5AFDSFF1AQHR80R1', 'app-01KE649S34RY5H1PWF2N5H27SB', 'app-01KE649R5DHZ4JTRK9860ERQKQ'),
('app-01KE66CZXPBAKDMCNC6R7GQ5QD', 'app-01KE649S37AZPK1G55Z5DDD5GA', 'app-01KE649R4T0ZWTP42EE3MM042G'),
('app-01KE66CZXPYDRHGPZWSEDD0BBY', 'app-01KE649S37AZPK1G55Z5DDD5GA', 'app-01KE649R5DHZ4JTRK9860ERQKQ'),
('app-01KE66CZXPRDBT7THG5ZN339ZX', 'app-01KE649S3AV5QWXFQ2XFBACJ28', 'app-01KE649R5DHZ4JTRK9860ERQKQ'),
('app-01KE66CZXP63FE8X2WR2827JM6', 'app-01KE649S3G9CFWH58FZSYFT7JZ', 'app-01KE649R5N08QYB5BC7RPF9VK0'),
('app-01KE66CZXPNR99FHPAQMGEWTZZ', 'app-01KE649S3G9CFWH58FZSYFT7JZ', 'app-01KE649R5N08QYB5BC7RPF9VK0'),
('app-01KE66CZXPQZNV1VQ9Y4T9RYZ5', 'app-01KE649S3KH52NX718STJBWE1X', 'app-01KE649R4T0ZWTP42EE3MM042G'),
('app-01KE66CZXPR2G66N5N37VZNF6W', 'app-01KE649S3TSE04BTXVDZ8GM549', 'app-01KE649R4XWMJG7QSSQ31MMMZW'),
('app-01KE66CZXPKWKX5M08MGCK930M', 'app-01KE649S3TSE04BTXVDZ8GM549', 'app-01KE649R4XWMJG7QSSQ31MMMZW'),
('app-01KE66CZXPKB1A3R4EMVY78Y3S', 'app-01KE649S3XY8ZAC908FSJ6VCDX', 'app-01KE649R4XWMJG7QSSQ31MMMZW'),
('app-01KE66CZXPY2J70XM9E2QN6PJP', 'app-01KE649S44D7S9WQDN7TTV2QFH', 'app-01KE649R5N08QYB5BC7RPF9VK0'),
('app-01KE66CZXPV57FJ1XFEYTQQDJR', 'app-01KE649S44D7S9WQDN7TTV2QFH', 'app-01KE649R5N08QYB5BC7RPF9VK0'),
('app-01KE66CZXPFC01Y5KM99NQ86CR', 'app-01KE649S41AJXMVJZXPPE516PH', 'app-01KE649R54WA0KANY9EPSJ9D07'),
('app-01KE66CZXPN09XXH05Z2ZMFWF8', 'app-01KE649S4MEW0MCGJS1TDJE72J', 'app-01KE649R5N08QYB5BC7RPF9VK0'),
('app-01KE66CZXP9PWZWTKRBHGVNA89', 'app-01KE649S4MEW0MCGJS1TDJE72J', 'app-01KE649R5N08QYB5BC7RPF9VK0'),
('app-01KE66CZXP70S7CSQHQDXPS1NN', 'app-01KE649S4MEW0MCGJS1TDJE72J', 'app-01KE649R4XWMJG7QSSQ31MMMZW'),
('app-01KE66CZXP5B03ZYJGQB0W0X3N', 'app-01KE649S4MEW0MCGJS1TDJE72J', 'app-01KE649R4XWMJG7QSSQ31MMMZW'),
('app-01KE66CZXP4XEVQQ7SR24VR0W9', 'app-01KE649S4XJ9RC1W8A0RGQCPJP', 'app-01KE649R5754DVZ7Z6YCJ810JN'),
('app-01KE66CZXPV2TDXRMGB3YBR96Z', 'app-01KE649S4XJ9RC1W8A0RGQCPJP', 'app-01KE649R5754DVZ7Z6YCJ810JN'),
('app-01KE66CZXPGAZ5307NQASZRDBP', 'app-01KE649S4XJ9RC1W8A0RGQCPJP', 'app-01KE649R5754DVZ7Z6YCJ810JN'),
('app-01KE66CZXPA2GNYP4VG7HGMBG5', 'app-01KE649S504G4S4G76A00Q4J1K', 'app-01KE649R5754DVZ7Z6YCJ810JN'),
('app-01KE66CZXPGZZ0ESQ861EZQWQM', 'app-01KE649S53QKKD1Z2S108XMYCX', 'app-01KE649R5DHZ4JTRK9860ERQKQ'),
('app-01KE66CZXPJVY9S6GSM4KTRPYA', 'app-01KE649S56FRGMB1SQKY86EMPZ', 'app-01KE649R4XWMJG7QSSQ31MMMZW'),
('app-01KE66CZXPB8W0PYG2JR2W5QYN', 'app-01KE649S5989CZAE20316BV31F', 'app-01KE649R5DHZ4JTRK9860ERQKQ'),
('app-01KE66CZXPJB4K0D82Q8MEDTKS', 'app-01KE649S5C847BD1STQZBC5BA8', 'app-01KE649R5754DVZ7Z6YCJ810JN'),
('app-01KE66CZXPKANWD27QFSWXWQEX', 'app-01KE649S5FV8465ZF05XRP7K9J', 'app-01KE649R50J1JXB6N8DV4KPDZN'),
('app-01KE66CZXPS3YXZ8QX6DT6RMVB', 'app-01KE649S5KJ0E0SDMKRRJX4GWM', 'app-01KE649R50J1JXB6N8DV4KPDZN'),
('app-01KE66CZXPVGHZMJ9FJ0X3KGS9', 'app-01KE649S5S3BV63153M6D1P3H9', 'app-01KE649R4T0ZWTP42EE3MM042G'),
('app-01KE66CZXPPWW8NHPM2FGBJRZ2', 'app-01KE649S5S3BV63153M6D1P3H9', 'app-01KE649R4T0ZWTP42EE3MM042G'),
('app-01KE66CZXPBM2N8GGM2B6TFTE6', 'app-01KE649S5W12569FMY60R869R6', 'app-01KE649R5G1FZHV82AK8VQGMWG');

INSERT INTO exercise_body_part (id, exercise_id, body_part_category_id) VALUES
('app-01KE66CZXPSKXE65P8T2S5HV05', 'app-01KE649S5Z0HKWARFGBXDAJBZE', 'app-01KE649R5G1FZHV82AK8VQGMWG'),
('app-01KE66CZXPGD8B4T4J9TYYM4E2', 'app-01KE649S624QW8RQ31XGZGRXYF', 'app-01KE649R50J1JXB6N8DV4KPDZN'),
('app-01KE66CZXP1NZ0PSMW15PWG5NA', 'app-01KE649S65YFTPDFM5CY8YFR2E', 'app-01KE649R5G1FZHV82AK8VQGMWG'),
('app-01KE66CZXPEEWBD6KQ8FGM9WTX', 'app-01KE649S6V1B1B5CBZAAFF2XPG', 'app-01KE649R5DHZ4JTRK9860ERQKQ'),
('app-01KE66CZXPR6TZVGH430PT62HV', 'app-01KE649S6V1B1B5CBZAAFF2XPG', 'app-01KE649R5DHZ4JTRK9860ERQKQ'),
('app-01KE66CZXPQF0PK3ZR7KR86RD9', 'app-01KE649S6V1B1B5CBZAAFF2XPG', 'app-01KE649R5DHZ4JTRK9860ERQKQ'),
('app-01KE66CZXPK3BSGZSF7KPZ31GA', 'app-01KE649S6V1B1B5CBZAAFF2XPG', 'app-01KE649R5DHZ4JTRK9860ERQKQ'),
('app-01KE66CZXQ4KN9B6DQC97M7PG7', 'app-01KE649S6V1B1B5CBZAAFF2XPG', 'app-01KE649R5DHZ4JTRK9860ERQKQ'),
('app-01KE66CZXQ0A8QR6X763857YWH', 'app-01KE649S6V1B1B5CBZAAFF2XPG', 'app-01KE649R5DHZ4JTRK9860ERQKQ'),
('app-01KE66CZXQMHFF8J12JHFGD0H7', 'app-01KE649S6R0P8E4XZH7DCJEN9Y', 'app-01KE649R5A145SSA6ER85K5426'),
('app-01KE66CZXQ49CC0819FE3Y8PF7', 'app-01KE649S6YFFJ0P2SFJ6W5D6H9', 'app-01KE649R5KM33Y6KTHY890Z28X'),
('app-01KE66CZXQKAD0K5Z1DZ05E5X4', 'app-01KE649S7BB142PVQVKB0865YW', 'app-01KE649R5DHZ4JTRK9860ERQKQ'),
('app-01KE66CZXQXY378SCZGMQF9V83', 'app-01KE649S7BB142PVQVKB0865YW', 'app-01KE649R5DHZ4JTRK9860ERQKQ'),
('app-01KE66CZXQKQ75QXWY1VMNM938', 'app-01KE649S7BB142PVQVKB0865YW', 'app-01KE649R5DHZ4JTRK9860ERQKQ'),
('app-01KE66CZXQNA2ZFJ1813JF4S57', 'app-01KE649S7BB142PVQVKB0865YW', 'app-01KE649R5DHZ4JTRK9860ERQKQ'),
('app-01KE66CZXQHW66EN1RAF2VFJMQ', 'app-01KE649S7BB142PVQVKB0865YW', 'app-01KE649R5DHZ4JTRK9860ERQKQ'),
('app-01KE66CZXQY8SM3RTCSJAABJPN', 'app-01KE649S7H421DSV811KR9CA49', 'app-01KE649R5DHZ4JTRK9860ERQKQ'),
('app-01KE66CZXQF18D9QYSXM02AJDS', 'app-01KE649S7RH0XW6MQ2923XNDDT', 'app-01KE649R4XWMJG7QSSQ31MMMZW'),
('app-01KE66CZXQX9E1N1005Y6GMNXC', 'app-01KE649S7RH0XW6MQ2923XNDDT', 'app-01KE649R5DHZ4JTRK9860ERQKQ'),
('app-01KE66CZXQF1CYS0JDQBD84BPJ', 'app-01KE649S7V4QZS1QJZTM54WYS1', 'app-01KE649R4XWMJG7QSSQ31MMMZW'),
('app-01KE66CZXQQZ1064Y3WXMY396P', 'app-01KE649S7YQD91DJ0FBARX4G17', 'app-01KE649R5DHZ4JTRK9860ERQKQ'),
('app-01KE66CZXQ6F9G3E830SA7PBKF', 'app-01KE649S8138JER2MF80V88XR8', 'app-01KE649R5KM33Y6KTHY890Z28X'),
('app-01KE66CZXQQ4X0GFVFJNS29P80', 'app-01KE649S85Q362JDBREMXX0R6T', 'app-01KE649R5KM33Y6KTHY890Z28X'),
('app-01KE66CZXQBZXGKA6RQTD6N9CZ', 'app-01KE649S85Q362JDBREMXX0R6T', 'app-01KE649R5N08QYB5BC7RPF9VK0'),
('app-01KE66CZXQ2ZVS6NX6A1P8FP8H', 'app-01KE649S88T13WEY3EB1H734V0', 'app-01KE649R4XWMJG7QSSQ31MMMZW'),
('app-01KE66CZXQQM215NDZAR5NQDWN', 'app-01KE649S8BEV3FDJ9EK64PGFAP', 'app-01KE649R5A145SSA6ER85K5426'),
('app-01KE66CZXQ97EDEZHHSGT9YPCX', 'app-01KE649S8EKSQSNB64K23QRP00', 'app-01KE649R5754DVZ7Z6YCJ810JN'),
('app-01KE66CZXQH17J8VDSGM0XEB1N', 'app-01KE649S8HM73FEE9DYZNW9AJN', 'app-01KE649R50J1JXB6N8DV4KPDZN'),
('app-01KE66CZXQE7R65Q2E9SE6559P', 'app-01KE649S8MNE0KX6JES21HX24A', 'app-01KE649R4XWMJG7QSSQ31MMMZW'),
('app-01KE66CZXQ8407AHEH2PRWZCMN', 'app-01KE649S8VC4YDQKA0X1V6J6E3', 'app-01KE649R5A145SSA6ER85K5426'),
('app-01KE66CZXQWV4BSDHYSR0EFTQW', 'app-01KE649S8VC4YDQKA0X1V6J6E3', 'app-01KE649R5A145SSA6ER85K5426'),
('app-01KE66CZXQHV6XGRKZNXK601EW', 'app-01KE649S8Y0PDC8XQ1HMVZ6DKE', 'app-01KE649R5754DVZ7Z6YCJ810JN'),
('app-01KE66CZXQVQNVE08CFB276WCN', 'app-01KE649S91FR9E2M144J4HZR53', 'app-01KE649R5754DVZ7Z6YCJ810JN'),
('app-01KE66CZXQYSW47Y5ZM0NTC3KN', 'app-01KE649S91FR9E2M144J4HZR53', 'app-01KE649R5KM33Y6KTHY890Z28X'),
('app-01KE66CZXQRA9B3J7TE0NXZ6AY', 'app-01KE649S94AMSGYCDXV527Q9XW', 'app-01KE649R4XWMJG7QSSQ31MMMZW'),
('app-01KE66CZXQXB4ZPTXTJ9DB2X7F', 'app-01KE649S94AMSGYCDXV527Q9XW', 'app-01KE649R5DHZ4JTRK9860ERQKQ'),
('app-01KE66CZXQ7XCAQ4327EAS2272', 'app-01KE649SA0NEF3WXHGSR1V1VN8', 'app-01KE649R4T0ZWTP42EE3MM042G'),
('app-01KE66CZXQ6SGD0FQ439JFER79', 'app-01KE649S9APQSR4XCJP6EBAZYN', 'app-01KE649R4T0ZWTP42EE3MM042G'),
('app-01KE66CZXQBAYMED6ER7GMXHY5', 'app-01KE649S9APQSR4XCJP6EBAZYN', 'app-01KE649R4T0ZWTP42EE3MM042G'),
('app-01KE66CZXQ3WMRFH89JDJ86VX9', 'app-01KE649S9W3GQWH5KZAPBNZ3Y2', 'app-01KE649R4T0ZWTP42EE3MM042G'),
('app-01KE66CZXQ4GDWV04F7YF68CXT', 'app-01KE649S9W3GQWH5KZAPBNZ3Y2', 'app-01KE649R4T0ZWTP42EE3MM042G'),
('app-01KE66CZXQ5RQQ82MSK9PXA4M3', 'app-01KE649S9W3GQWH5KZAPBNZ3Y2', 'app-01KE649R4T0ZWTP42EE3MM042G'),
('app-01KE66CZXQFTNRTBNHQFNPNQZ7', 'app-01KE649S9W3GQWH5KZAPBNZ3Y2', 'app-01KE649R4T0ZWTP42EE3MM042G'),
('app-01KE66CZXQFDJAYQK8TJ9ZGE1D', 'app-01KE649S9W3GQWH5KZAPBNZ3Y2', 'app-01KE649R4T0ZWTP42EE3MM042G'),
('app-01KE66CZXQVGWWTB9TQGYCX5NY', 'app-01KE649SA3MR0AAWSVH0G0HJTQ', 'app-01KE649R4T0ZWTP42EE3MM042G'),
('app-01KE66CZXQJKMAPRETFVW7SY59', 'app-01KE649SA771M1GMGD0NV11SEC', 'app-01KE649R4T0ZWTP42EE3MM042G'),
('app-01KE66CZXQ6ZNNGG9RJRWX3JDC', 'app-01KE649SAJEAA8MEW7PSD7P2T2', 'app-01KE649R4XWMJG7QSSQ31MMMZW'),
('app-01KE66CZXQBFCBYWMGGY630KCC', 'app-01KE649SAJEAA8MEW7PSD7P2T2', 'app-01KE649R4T0ZWTP42EE3MM042G'),
('app-01KE66CZXQNA0RDD1PW334KMR4', 'app-01KE649SAJEAA8MEW7PSD7P2T2', 'app-01KE649R5N08QYB5BC7RPF9VK0'),
('app-01KE66CZXQ13Y9ZEZTRBAKHWE4', 'app-01KE649SAPCT2WM1T4B0J1VGA0', 'app-01KE649R5754DVZ7Z6YCJ810JN');

INSERT INTO exercise_body_part (id, exercise_id, body_part_category_id) VALUES
('app-01KE66CZXQS9ZT36R6B1ZX62V2', 'app-01KE649SAPCT2WM1T4B0J1VGA0', 'app-01KE649R5KM33Y6KTHY890Z28X'),
('app-01KE66CZXQA6RF7PFGBQY73NV9', 'app-01KE649SATPSZ3WSHDEE392R6R', 'app-01KE649R50J1JXB6N8DV4KPDZN'),
('app-01KE66CZXQTJATJD3EYXZ8CFQK', 'app-01KE649SAYZT56TQ9ZHB8P3WYC', 'app-01KE649R50J1JXB6N8DV4KPDZN'),
('app-01KE66CZXQGPV105KEHGWNWJ3Q', 'app-01KE649SB2GEYRK4FZCHQYMF06', 'app-01KE649R5DHZ4JTRK9860ERQKQ'),
('app-01KE66CZXQ9PT4WD5BC10CH8XQ', 'app-01KE649SB7R7YNA4VE7Y24TEYR', 'app-01KE649R4XWMJG7QSSQ31MMMZW'),
('app-01KE66CZXRT7D0QH58W280DC6H', 'app-01KE649SBBYXVS7RD1Q4Y7TVX8', 'app-01KE649R5754DVZ7Z6YCJ810JN'),
('app-01KE66CZXRDT8KGEKNWKN160K1', 'app-01KE649SBJY589Z5BB275PC8HP', 'app-01KE649R4T0ZWTP42EE3MM042G'),
('app-01KE66CZXR0HF7HS2P7FCMZRZ3', 'app-01KE649SBN9GPN41VZXE3EZCNH', 'app-01KE649R4T0ZWTP42EE3MM042G'),
('app-01KE66CZXRQ4CQTPMG5YPX30D9', 'app-01KE649SBS461NCN9TSYRXRNR7', 'app-01KE649R50J1JXB6N8DV4KPDZN'),
('app-01KE66CZXRK013SQSN17EPA9EF', 'app-01KE649SBS461NCN9TSYRXRNR7', 'app-01KE649R5KM33Y6KTHY890Z28X'),
('app-01KE66CZXR7EJQSGB0ZRM7X8CH', 'app-01KE649SBWWV8WHC87536QQTCM', 'app-01KE649R5DHZ4JTRK9860ERQKQ'),
('app-01KE66CZXRZMXMJJW4XAX68YN9', 'app-01KE649SC0AV47ME4ZMF3NFRJ1', 'app-01KE649R4T0ZWTP42EE3MM042G');

-- Step 5: Link exercises to equipment (exercise_equipment)
-- Generated by generate-exercise-mappings.ts

INSERT INTO exercise_equipment (id, exercise_id, equipment_category_id) VALUES
('app-01KE66CZXRNG88XH2G0V14795C', 'app-01KE649R21JCQEZQX4WD88W769', 'app-01KE649RP611K2H1MTSZV68FTG'),
('app-01KE66CZXRDHS3EA3VH09217AY', 'app-01KE649R2405SY8E2N83D8RSS1', 'app-01KE649RP611K2H1MTSZV68FTG'),
('app-01KE66CZXRVS6YW7BXRS13W8F3', 'app-01KE649R2AZC9S7YFB0X3GAR5C', 'app-01KE649RMJYCTMGJ0AMXGQCVBN'),
('app-01KE66CZXRST0BSTPDSYJ8A9ED', 'app-01KE649R2AZC9S7YFB0X3GAR5C', 'app-01KE649RP611K2H1MTSZV68FTG'),
('app-01KE66CZXRG0SS1HBC2XR6W90N', 'app-01KE649R27A1VGJGTFYP1NTCH6', 'app-01KE649RP611K2H1MTSZV68FTG'),
('app-01KE66CZXRYRW9JW92BT5JQVEK', 'app-01KE649R2F2K217WZY43G4EX0G', 'app-01KE649RP611K2H1MTSZV68FTG'),
('app-01KE66CZXR68MENEQRZC1FXT0K', 'app-01KE649R2F2K217WZY43G4EX0G', 'app-01KE649RN9DP9JQ6RHTP0K71A5'),
('app-01KE66CZXRT7ZBV35EX0TJ2CHZ', 'app-01KE649R2J18C5K5261V4H012M', 'app-01KE649RP611K2H1MTSZV68FTG'),
('app-01KE66CZXRE1R603YAFEK28NW9', 'app-01KE649R2ND0051KFVFEVZ8339', 'app-01KE649RP611K2H1MTSZV68FTG'),
('app-01KE66CZXRW79H82JTJ8V7XCT2', 'app-01KE649R2RW58W4B1KBVHZB16W', 'app-01KE649RP611K2H1MTSZV68FTG'),
('app-01KE66CZXR7S1FEF5YKAJTN6JN', 'app-01KE649R2VAVWWKS3PBMSY6M8W', 'app-01KE649RM1XJX4XC3KFNTWWMC9'),
('app-01KE66CZXRG2B14XK4NPY79QAG', 'app-01KE649R2VAVWWKS3PBMSY6M8W', 'app-01KE649RP611K2H1MTSZV68FTG'),
('app-01KE66CZXRF9ACVJ3E08ZR209W', 'app-01KE649R2Y6F4GV5R5V42Q3SET', 'app-01KE649RP611K2H1MTSZV68FTG'),
('app-01KE66CZXR8ES3XEH5QXW6AB2M', 'app-01KE649R3DHD6HFEM69RKAA5BE', 'app-01KE649RKVTJ8X0KCK1MJXAB6M'),
('app-01KE66CZXRSQ0PH3WM694T795D', 'app-01KE649R3DHD6HFEM69RKAA5BE', 'app-01KE649RP611K2H1MTSZV68FTG'),
('app-01KE66CZXRWGN7SPCFK8DHZVS0', 'app-01KE649R3DHD6HFEM69RKAA5BE', 'app-01KE649RM1XJX4XC3KFNTWWMC9'),
('app-01KE66CZXRYNV54T0R05ERMMK7', 'app-01KE649R3DHD6HFEM69RKAA5BE', 'app-01KE649RMJYCTMGJ0AMXGQCVBN'),
('app-01KE66CZXRXSB20T44VDF52525', 'app-01KE649R3DHD6HFEM69RKAA5BE', 'app-01KE649RNZ07XSESNMEWXB784Y'),
('app-01KE66CZXRN5FY3SQBGKXJSYA1', 'app-01KE649R30T6WPRXDA5JTQXRVK', 'app-01KE649RKVTJ8X0KCK1MJXAB6M'),
('app-01KE66CZXRF82H0HKZWQXY2Y0Q', 'app-01KE649R30T6WPRXDA5JTQXRVK', 'app-01KE649RP611K2H1MTSZV68FTG'),
('app-01KE66CZXR0ZTC51XSYX8D3NH1', 'app-01KE649R3G7ZBK12BFYN524VWM', 'app-01KE649RKVTJ8X0KCK1MJXAB6M'),
('app-01KE66CZXRXCGZBTN1KCNX2K5T', 'app-01KE649R3G7ZBK12BFYN524VWM', 'app-01KE649RP611K2H1MTSZV68FTG'),
('app-01KE66CZXRKVEWCW5HVCG3HSYK', 'app-01KE649R3ZKSW8RJK55YHXHRFK', 'app-01KE649RMJYCTMGJ0AMXGQCVBN'),
('app-01KE66CZXR98FE0PMEXPFB88B6', 'app-01KE649R3ZKSW8RJK55YHXHRFK', 'app-01KE649RM83YW34K00AC1F5T1A'),
('app-01KE66CZXRT1GDSZPQHT2DAV5J', 'app-01KE649R3ZKSW8RJK55YHXHRFK', 'app-01KE649RP611K2H1MTSZV68FTG'),
('app-01KE66CZXR8H0JBE4QCJCH0RBZ', 'app-01KE649R3SGW1J64BZ3JQ1ADDY', 'app-01KE649RKRQADSR42MFKYXW08B'),
('app-01KE66CZXR8SSB05DM0NRD8NG6', 'app-01KE649R3SGW1J64BZ3JQ1ADDY', 'app-01KE649RM83YW34K00AC1F5T1A'),
('app-01KE66CZXRZPPCGXR8P550TACN', 'app-01KE649R3SGW1J64BZ3JQ1ADDY', 'app-01KE649RP611K2H1MTSZV68FTG'),
('app-01KE66CZXRM9RDDATPHJYYE5VY', 'app-01KE649R3SGW1J64BZ3JQ1ADDY', 'app-01KE649RKVTJ8X0KCK1MJXAB6M'),
('app-01KE66CZXRX2FVFXBCSBA2GYKB', 'app-01KE649R3SGW1J64BZ3JQ1ADDY', 'app-01KE649RMJYCTMGJ0AMXGQCVBN'),
('app-01KE66CZXRH221870BHMF2WRVB', 'app-01KE649R3WPW39H95PPTMHK2R0', 'app-01KE649RKVTJ8X0KCK1MJXAB6M'),
('app-01KE66CZXRCDEQQC7NKQ2XR09D', 'app-01KE649R3WPW39H95PPTMHK2R0', 'app-01KE649RM83YW34K00AC1F5T1A'),
('app-01KE66CZXR7MP9PYF6EPDHDAJR', 'app-01KE649R3WPW39H95PPTMHK2R0', 'app-01KE649RP611K2H1MTSZV68FTG'),
('app-01KE66CZXRCR0DW41J1R7BX5H5', 'app-01KE649R4BVKJ25QRJMDTPJ23F', 'app-01KE649RKVTJ8X0KCK1MJXAB6M'),
('app-01KE66CZXRJK7HVXEEE1S6GET9', 'app-01KE649R4BVKJ25QRJMDTPJ23F', 'app-01KE649RP611K2H1MTSZV68FTG'),
('app-01KE66CZXRECTVVY051CV36QRM', 'app-01KE649R4BVKJ25QRJMDTPJ23F', 'app-01KE649RM1XJX4XC3KFNTWWMC9'),
('app-01KE66CZXS3ADC8ZDQZCNQYPMF', 'app-01KE649R4BVKJ25QRJMDTPJ23F', 'app-01KE649RMJYCTMGJ0AMXGQCVBN'),
('app-01KE66CZXS6HAQ7TNVTTJJ39V2', 'app-01KE649R4BVKJ25QRJMDTPJ23F', 'app-01KE649RN9DP9JQ6RHTP0K71A5'),
('app-01KE66CZXSTV1E9GC67AW8NV5T', 'app-01KE649R4DXDNSFSCN2CS9F9J7', 'app-01KE649RM83YW34K00AC1F5T1A');

INSERT INTO exercise_equipment (id, exercise_id, equipment_category_id) VALUES
('app-01KE66CZXS2TWGWHD4P69MD585', 'app-01KE649R4GJW90E9JF0K7P8ENV', 'app-01KE649RP611K2H1MTSZV68FTG'),
('app-01KE66CZXSMT1ZRXKVP5SM89C0', 'app-01KE649R4M6QKA11J00QGRMH7Z', 'app-01KE649RP611K2H1MTSZV68FTG'),
('app-01KE66CZXSANM3SEMRC60RCWR4', 'app-01KE649R4Q1SVFYD7BYS22EBGF', 'app-01KE649RKVTJ8X0KCK1MJXAB6M'),
('app-01KE66CZXS7DAHHV7RDK9AR16Q', 'app-01KE649R4Q1SVFYD7BYS22EBGF', 'app-01KE649RP611K2H1MTSZV68FTG'),
('app-01KE66CZXSMK54JXJFPKRCTMCM', 'app-01KE649R5SM9FZ8112T0VN66ZN', 'app-01KE649RP611K2H1MTSZV68FTG'),
('app-01KE66CZXSWSHA851SCKM4DKXQ', 'app-01KE649R5WNJQ064GWBP2PPAF4', 'app-01KE649RMPAAT5P16FX1QV8XP4'),
('app-01KE66CZXSPBA5YH8AGYNMN2E1', 'app-01KE649R6106VYA444CDW46847', 'app-01KE649RP611K2H1MTSZV68FTG'),
('app-01KE66CZXS8TSTY004SJSXXNBT', 'app-01KE649R5YTR6AZS54ZAHF7C6Q', 'app-01KE649RM83YW34K00AC1F5T1A'),
('app-01KE66CZXS02Y75K0S9CJBWYZ8', 'app-01KE649R64NW4233YR4W67H7XK', 'app-01KE649RP611K2H1MTSZV68FTG'),
('app-01KE66CZXS7KGNSFH55Z33T58N', 'app-01KE649R67CQQ0BBCXYFGXZZWT', 'app-01KE649RP611K2H1MTSZV68FTG'),
('app-01KE66CZXS5B2061ESMDDNQJKT', 'app-01KE649R6AWPMFZ80R2EEGBABR', 'app-01KE649RP611K2H1MTSZV68FTG'),
('app-01KE66CZXS8BKHA2XGEH9B47ZN', 'app-01KE649R6F98AX74S4R3M0F8X4', 'app-01KE649RP611K2H1MTSZV68FTG'),
('app-01KE66CZXSYSYKFFZJ1FBT3M1S', 'app-01KE649R6D4Q97E2DCW2514CZY', 'app-01KE649RP611K2H1MTSZV68FTG'),
('app-01KE66CZXSC9YZ8677H6QDGWX7', 'app-01KE649R6JRPGKF4Y7687NEM4Y', 'app-01KE649RNCJR2284KE5PCTHJ28'),
('app-01KE66CZXS57HFRRFTANQXK3EQ', 'app-01KE649R6R5ZHEKHTVMAY9R7BS', 'app-01KE649RP611K2H1MTSZV68FTG'),
('app-01KE66CZXSS0038Y2Y3V6VZGQD', 'app-01KE649R6R5ZHEKHTVMAY9R7BS', 'app-01KE649RKN2ZWP29AT0M4N9K53'),
('app-01KE66CZXSWHZ2W7JN9P87F3RQ', 'app-01KE649R6R5ZHEKHTVMAY9R7BS', 'app-01KE649RP611K2H1MTSZV68FTG'),
('app-01KE66CZXSFJZNVQ1FASEFGET1', 'app-01KE649R71GSZG5BS5M600SD3V', 'app-01KE649RP611K2H1MTSZV68FTG'),
('app-01KE66CZXSJJ4NHMYAG3DNPAC4', 'app-01KE649R71GSZG5BS5M600SD3V', 'app-01KE649RKRQADSR42MFKYXW08B'),
('app-01KE66CZXSE23NJWN1XYKY0QN0', 'app-01KE649R71GSZG5BS5M600SD3V', 'app-01KE649RP611K2H1MTSZV68FTG'),
('app-01KE66CZXSHRNP59BAFZJ3KX0W', 'app-01KE649R71GSZG5BS5M600SD3V', 'app-01KE649RMJYCTMGJ0AMXGQCVBN'),
('app-01KE66CZXSANW3HCY2KFT92ZQB', 'app-01KE649R71GSZG5BS5M600SD3V', 'app-01KE649RP611K2H1MTSZV68FTG'),
('app-01KE66CZXSM4RTM7DHNEWJM7MG', 'app-01KE649R77SXW1FH959ZFBT5GG', 'app-01KE649RKRQADSR42MFKYXW08B'),
('app-01KE66CZXSRPPDX9YM7TE3V15W', 'app-01KE649R77SXW1FH959ZFBT5GG', 'app-01KE649RP611K2H1MTSZV68FTG'),
('app-01KE66CZXSDXNZ4KK18ZM4H8MN', 'app-01KE649R77SXW1FH959ZFBT5GG', 'app-01KE649RN9DP9JQ6RHTP0K71A5'),
('app-01KE66CZXSSWRYK4S20KNG6NZX', 'app-01KE649R77SXW1FH959ZFBT5GG', 'app-01KE649RP611K2H1MTSZV68FTG'),
('app-01KE66CZXS2T91E7F119S27JT6', 'app-01KE649R7A9BNP1G6Z7M8VZ6YM', 'app-01KE649RMJYCTMGJ0AMXGQCVBN'),
('app-01KE66CZXS6VCMKZH0QXV0N9TQ', 'app-01KE649R7A9BNP1G6Z7M8VZ6YM', 'app-01KE649RM83YW34K00AC1F5T1A'),
('app-01KE66CZXS66Q7QB37RHAAJADP', 'app-01KE649R7A9BNP1G6Z7M8VZ6YM', 'app-01KE649RP611K2H1MTSZV68FTG'),
('app-01KE66CZXSJ2S5K0ECHA1J88RT', 'app-01KE649R7F9CE9RM4BRZY6KJYT', 'app-01KE649RP611K2H1MTSZV68FTG'),
('app-01KE66CZXSV7W02AAT6KGWMX7C', 'app-01KE649R7F9CE9RM4BRZY6KJYT', 'app-01KE649RKN2ZWP29AT0M4N9K53'),
('app-01KE66CZXSQKFKZVSRVTH8VR9V', 'app-01KE649R7F9CE9RM4BRZY6KJYT', 'app-01KE649RP611K2H1MTSZV68FTG'),
('app-01KE66CZXSDZN3WTPCFFEMG5JD', 'app-01KE649R7JTN7GNR4GRF9418YW', 'app-01KE649RKVTJ8X0KCK1MJXAB6M'),
('app-01KE66CZXSQMTHWVCHK4M7NZ3Q', 'app-01KE649R7JTN7GNR4GRF9418YW', 'app-01KE649RNFJ925VD5T4N8NHDZR'),
('app-01KE66CZXSBZ6JRVEGKRZFV15C', 'app-01KE649R7JTN7GNR4GRF9418YW', 'app-01KE649RP611K2H1MTSZV68FTG'),
('app-01KE66CZXSN5T9J9SW17VQAHNG', 'app-01KE649R7M7XC613FRVHFN5QTB', 'app-01KE649RKVTJ8X0KCK1MJXAB6M'),
('app-01KE66CZXS73JVTRTHTQ6STWNF', 'app-01KE649R7M7XC613FRVHFN5QTB', 'app-01KE649RNFJ925VD5T4N8NHDZR'),
('app-01KE66CZXSPZ60NRJYGB83E4HM', 'app-01KE649R7M7XC613FRVHFN5QTB', 'app-01KE649RP611K2H1MTSZV68FTG'),
('app-01KE66CZXSQ7SQXKN98DE1G89Z', 'app-01KE649R7Q41FZJ6A11S9KB6AH', 'app-01KE649RP611K2H1MTSZV68FTG'),
('app-01KE66CZXSD5ZY5T0F64QJH8H9', 'app-01KE649R7T9Y9MMRBC9RJKA9WP', 'app-01KE649RNCJR2284KE5PCTHJ28'),
('app-01KE66CZXS5W8KTRQ4EV2FMH5A', 'app-01KE649R7WE4JWG62RHF7Z23XQ', 'app-01KE649RMJYCTMGJ0AMXGQCVBN'),
('app-01KE66CZXSJQS6HG6A97HB4YNK', 'app-01KE649R7WE4JWG62RHF7Z23XQ', 'app-01KE649RP611K2H1MTSZV68FTG'),
('app-01KE66CZXSPQBX41EADHTQESJT', 'app-01KE649R7ZFVYD4S6CAREM33H0', 'app-01KE649RP611K2H1MTSZV68FTG'),
('app-01KE66CZXS4GVGF4JSKVP7BRD3', 'app-01KE649R824MFPKA6SBRZX9XGV', 'app-01KE649RM83YW34K00AC1F5T1A'),
('app-01KE66CZXST4DJS7XKNMVWYQ37', 'app-01KE649R842J418C3ZH4PWTBJC', 'app-01KE649RP611K2H1MTSZV68FTG'),
('app-01KE66CZXSZ4J5YFXDWWVNACYP', 'app-01KE649R8DDZPPC0QZ0X1PWM0W', 'app-01KE649RM83YW34K00AC1F5T1A'),
('app-01KE66CZXSBTE5WZZV5MCHXC8D', 'app-01KE649R8DDZPPC0QZ0X1PWM0W', 'app-01KE649RN9DP9JQ6RHTP0K71A5'),
('app-01KE66CZXSP7MA8M7TGH6YN6P6', 'app-01KE649R8DDZPPC0QZ0X1PWM0W', 'app-01KE649RM83YW34K00AC1F5T1A'),
('app-01KE66CZXS8JC6910EDV0K4KZD', 'app-01KE649R8DDZPPC0QZ0X1PWM0W', 'app-01KE649RP611K2H1MTSZV68FTG'),
('app-01KE66CZXSN9HBACM1KPH4EZ5A', 'app-01KE649R8DDZPPC0QZ0X1PWM0W', 'app-01KE649RP30Z6TYGSMRB8KCE7K');

INSERT INTO exercise_equipment (id, exercise_id, equipment_category_id) VALUES
('app-01KE66CZXSYN2493CYZZKVM814', 'app-01KE649R8DDZPPC0QZ0X1PWM0W', 'app-01KE649RM83YW34K00AC1F5T1A'),
('app-01KE66CZXSP5J544V1NMKJ3G9N', 'app-01KE649R8DDZPPC0QZ0X1PWM0W', 'app-01KE649RP611K2H1MTSZV68FTG'),
('app-01KE66CZXSPNN57ZBTSKEFVW1Z', 'app-01KE649R8GVG7F67NTFQBFA9RP', 'app-01KE649RP611K2H1MTSZV68FTG'),
('app-01KE66CZXSYAJJR0CPBGEJ1EBH', 'app-01KE649R8K1GQJ174A0QEJBZFE', 'app-01KE649RP611K2H1MTSZV68FTG'),
('app-01KE66CZXTE5B0AGGE140GJNJ0', 'app-01KE649R8R865NZGE06TGJ0TX8', 'app-01KE649RP611K2H1MTSZV68FTG'),
('app-01KE66CZXTYHF26H32H35WZR4A', 'app-01KE649R8R865NZGE06TGJ0TX8', 'app-01KE649RN0K1A81K9NHZPV3FKY'),
('app-01KE66CZXTEK9PRQA9ETNAC53X', 'app-01KE649R8R865NZGE06TGJ0TX8', 'app-01KE649RP611K2H1MTSZV68FTG'),
('app-01KE66CZXTZPSYH8QSYS2TZKR9', 'app-01KE649R8V1FAXZ9Z4E85P9WWX', 'app-01KE649RP611K2H1MTSZV68FTG'),
('app-01KE66CZXTW5EP33ZDDJKJMKRS', 'app-01KE649R9AJJEY97C4SQMPGK0P', 'app-01KE649RKRQADSR42MFKYXW08B'),
('app-01KE66CZXTJ9707Z1CQG0PNZR7', 'app-01KE649R9AJJEY97C4SQMPGK0P', 'app-01KE649RP611K2H1MTSZV68FTG'),
('app-01KE66CZXTMFP6W8RN272XBJMZ', 'app-01KE649R9AJJEY97C4SQMPGK0P', 'app-01KE649RKVTJ8X0KCK1MJXAB6M'),
('app-01KE66CZXTN91KZ8JCCT8JNGD3', 'app-01KE649R9AJJEY97C4SQMPGK0P', 'app-01KE649RP611K2H1MTSZV68FTG'),
('app-01KE66CZXTXE7T5GBFEKF0XWGQ', 'app-01KE649R9AJJEY97C4SQMPGK0P', 'app-01KE649RMJYCTMGJ0AMXGQCVBN'),
('app-01KE66CZXTJ0YFD744TJXB07BJ', 'app-01KE649R9AJJEY97C4SQMPGK0P', 'app-01KE649RP611K2H1MTSZV68FTG'),
('app-01KE66CZXTHEV09YZKTFBMT0R8', 'app-01KE649R9AJJEY97C4SQMPGK0P', 'app-01KE649RNZ07XSESNMEWXB784Y'),
('app-01KE66CZXTTV79VECA0RC7MQZ6', 'app-01KE649R9AJJEY97C4SQMPGK0P', 'app-01KE649RP611K2H1MTSZV68FTG'),
('app-01KE66CZXTKW2S8PNRCMBXVZMK', 'app-01KE649R969NQ6RCD3FVNNKG9P', 'app-01KE649RKVTJ8X0KCK1MJXAB6M'),
('app-01KE66CZXTYYVKAYT5DQER47QA', 'app-01KE649R969NQ6RCD3FVNNKG9P', 'app-01KE649RP611K2H1MTSZV68FTG'),
('app-01KE66CZXTD8JA6RCBTV3YZEM9', 'app-01KE649R9K9WFZJNYDK9Z3FM9Z', 'app-01KE649RKVTJ8X0KCK1MJXAB6M'),
('app-01KE66CZXT5TZVDFJCY7R89WTF', 'app-01KE649R9K9WFZJNYDK9Z3FM9Z', 'app-01KE649RP611K2H1MTSZV68FTG'),
('app-01KE66CZXTJVG7XWTCP8M04FTA', 'app-01KE649R9K9WFZJNYDK9Z3FM9Z', 'app-01KE649RMJYCTMGJ0AMXGQCVBN'),
('app-01KE66CZXT48CGGWEERV297R47', 'app-01KE649R9K9WFZJNYDK9Z3FM9Z', 'app-01KE649RP611K2H1MTSZV68FTG'),
('app-01KE66CZXTYQ82PYZ9HYYW6GBE', 'app-01KE649R9K9WFZJNYDK9Z3FM9Z', 'app-01KE649RNZ07XSESNMEWXB784Y'),
('app-01KE66CZXT1H2AZVNXDFERFPX5', 'app-01KE649R9K9WFZJNYDK9Z3FM9Z', 'app-01KE649RP611K2H1MTSZV68FTG'),
('app-01KE66CZXTY5AP6373WW8DT306', 'app-01KE649R9PXNTRR4EA0002NCPC', 'app-01KE649RM83YW34K00AC1F5T1A'),
('app-01KE66CZXTJZ945P3CCR8GC447', 'app-01KE649R9S670TB998ZGFB5DBF', 'app-01KE649RKVTJ8X0KCK1MJXAB6M'),
('app-01KE66CZXTGCFYXESMDEVK3V62', 'app-01KE649R9S670TB998ZGFB5DBF', 'app-01KE649RP611K2H1MTSZV68FTG'),
('app-01KE66CZXTJKMAYMVX6MD882TH', 'app-01KE649R9WA9B5Z4YA7ND7XFAP', 'app-01KE649RKVTJ8X0KCK1MJXAB6M'),
('app-01KE66CZXTRGAJ3MN9YRQVG5CG', 'app-01KE649R9WA9B5Z4YA7ND7XFAP', 'app-01KE649RP611K2H1MTSZV68FTG'),
('app-01KE66CZXT6RTTA8NKV1XDW4N6', 'app-01KE649RKJM9KM8NS791SBGPXQ', 'app-01KE649RM83YW34K00AC1F5T1A'),
('app-01KE66CZXTAEEZPS7FBA5CN4JX', 'app-01KE649RPCW6BE1YJ0VYSGPT5X', 'app-01KE649RM1XJX4XC3KFNTWWMC9'),
('app-01KE66CZXTKSJ734CSCV7M2GNE', 'app-01KE649RPCW6BE1YJ0VYSGPT5X', 'app-01KE649RP611K2H1MTSZV68FTG'),
('app-01KE66CZXT00J4CWMMMB9JWFGF', 'app-01KE649RPJ2RZYQKTYBTS4E27Y', 'app-01KE649RP611K2H1MTSZV68FTG'),
('app-01KE66CZXTJQZ3ZFNJHPDW1PRB', 'app-01KE649RPNZZXWZKRPQXKB5MMJ', 'app-01KE649RP611K2H1MTSZV68FTG'),
('app-01KE66CZXT17W4A3Y197WHVC51', 'app-01KE649RPS0XNG8N41378AC9Z6', 'app-01KE649RKVTJ8X0KCK1MJXAB6M'),
('app-01KE66CZXTB9ZE0PJN5DAJ9DHT', 'app-01KE649RPS0XNG8N41378AC9Z6', 'app-01KE649RP611K2H1MTSZV68FTG'),
('app-01KE66CZXTGVTGKFR1DWPSFDKM', 'app-01KE649RQ507VM700ABR0X72R9', 'app-01KE649RKRQADSR42MFKYXW08B'),
('app-01KE66CZXT0GK7B711XZ5P3N57', 'app-01KE649RQ507VM700ABR0X72R9', 'app-01KE649RP611K2H1MTSZV68FTG'),
('app-01KE66CZXT6FJXK6EHGRS3366R', 'app-01KE649RQ507VM700ABR0X72R9', 'app-01KE649RKVTJ8X0KCK1MJXAB6M'),
('app-01KE66CZXTGNQV1EKBT27908M4', 'app-01KE649RQ507VM700ABR0X72R9', 'app-01KE649RP611K2H1MTSZV68FTG'),
('app-01KE66CZXTK4TXVJBWAE9G29YZ', 'app-01KE649RQ507VM700ABR0X72R9', 'app-01KE649RM1XJX4XC3KFNTWWMC9'),
('app-01KE66CZXTBAY42NS9A26KDZQK', 'app-01KE649RQ507VM700ABR0X72R9', 'app-01KE649RP611K2H1MTSZV68FTG'),
('app-01KE66CZXT8AQWK5NW1AE0NFZP', 'app-01KE649RQ507VM700ABR0X72R9', 'app-01KE649RMJYCTMGJ0AMXGQCVBN'),
('app-01KE66CZXT1QH62C2JMR3HHK9R', 'app-01KE649RQ507VM700ABR0X72R9', 'app-01KE649RP611K2H1MTSZV68FTG'),
('app-01KE66CZXTND4N7GC51A0EJHVE', 'app-01KE649RQ507VM700ABR0X72R9', 'app-01KE649RNKVVDZ8B7382K41E8F'),
('app-01KE66CZXTTBP9YHSMNRHMFGPF', 'app-01KE649RQ507VM700ABR0X72R9', 'app-01KE649RP611K2H1MTSZV68FTG'),
('app-01KE66CZXTS07309JR2FEM5A6Q', 'app-01KE649RQB6WGGH0WQF73544DS', 'app-01KE649RKVTJ8X0KCK1MJXAB6M'),
('app-01KE66CZXT25FW0QEK8M5RDNE2', 'app-01KE649RQB6WGGH0WQF73544DS', 'app-01KE649RP611K2H1MTSZV68FTG'),
('app-01KE66CZXTMSCJYGY73R8WZ8RA', 'app-01KE649RQHG0E6FCG9DTGBYPKE', 'app-01KE649RKVTJ8X0KCK1MJXAB6M'),
('app-01KE66CZXT41JA18AN51TA93JT', 'app-01KE649RQHG0E6FCG9DTGBYPKE', 'app-01KE649RP611K2H1MTSZV68FTG');

INSERT INTO exercise_equipment (id, exercise_id, equipment_category_id) VALUES
('app-01KE66CZXT39GXEFT0927BJPFT', 'app-01KE649RQHG0E6FCG9DTGBYPKE', 'app-01KE649RKYQX18ZF4QH52X1RZM'),
('app-01KE66CZXTYNAAM0N9XJ449JBS', 'app-01KE649RQHG0E6FCG9DTGBYPKE', 'app-01KE649RP611K2H1MTSZV68FTG'),
('app-01KE66CZXTNG21Y7JSHNXFKPA5', 'app-01KE649RQNQH57FMCM822XJETG', 'app-01KE649RP611K2H1MTSZV68FTG'),
('app-01KE66CZXTX27SKB03T03JQBCZ', 'app-01KE649RQR4RZDWWDN7XD2FY6E', 'app-01KE649RN9DP9JQ6RHTP0K71A5'),
('app-01KE66CZXTEZ9FN6Z1Z4SQQ0GB', 'app-01KE649RQR4RZDWWDN7XD2FY6E', 'app-01KE649RP611K2H1MTSZV68FTG'),
('app-01KE66CZXTNGCV76HZ9FE6P27Z', 'app-01KE649RQVRAS3DPHVP57TEMR5', 'app-01KE649RN3D1KPH6RP5V3QT0C5'),
('app-01KE66CZXT7G77W6T87BQ7BWH3', 'app-01KE649RQVRAS3DPHVP57TEMR5', 'app-01KE649RP611K2H1MTSZV68FTG'),
('app-01KE66CZXTMWXYPY5TX58X7HMW', 'app-01KE649RQZ2J9298C3K7KRSZXZ', 'app-01KE649RKVTJ8X0KCK1MJXAB6M'),
('app-01KE66CZXTVHC3FTSXVARBKBNT', 'app-01KE649RQZ2J9298C3K7KRSZXZ', 'app-01KE649RP611K2H1MTSZV68FTG'),
('app-01KE66CZXTT6KNQBSY3WNTBK3D', 'app-01KE649RR5VDFXKEABEK2YZ2AK', 'app-01KE649RP611K2H1MTSZV68FTG'),
('app-01KE66CZXTC89YBEFGDSAR0TQH', 'app-01KE649RR5VDFXKEABEK2YZ2AK', 'app-01KE649RKVTJ8X0KCK1MJXAB6M'),
('app-01KE66CZXTVB4XQJMAMRH5XY2Z', 'app-01KE649RR5VDFXKEABEK2YZ2AK', 'app-01KE649RP611K2H1MTSZV68FTG'),
('app-01KE66CZXV993RF3RK5XSFHCKY', 'app-01KE649RRFBV8CJ4DFTMZ5TTKH', 'app-01KE649RKRQADSR42MFKYXW08B'),
('app-01KE66CZXVZDVX1XQG9X0D38R5', 'app-01KE649RRFBV8CJ4DFTMZ5TTKH', 'app-01KE649RP611K2H1MTSZV68FTG'),
('app-01KE66CZXVNPE5VQJNPG9DDVBT', 'app-01KE649RRFBV8CJ4DFTMZ5TTKH', 'app-01KE649RM1XJX4XC3KFNTWWMC9'),
('app-01KE66CZXV91NWDPHAX8VS427Q', 'app-01KE649RRFBV8CJ4DFTMZ5TTKH', 'app-01KE649RP611K2H1MTSZV68FTG'),
('app-01KE66CZXVQ5Q2S4MG1YR3124T', 'app-01KE649RRFBV8CJ4DFTMZ5TTKH', 'app-01KE649RMJYCTMGJ0AMXGQCVBN'),
('app-01KE66CZXVZJY9FA3JV5NY618N', 'app-01KE649RRFBV8CJ4DFTMZ5TTKH', 'app-01KE649RP611K2H1MTSZV68FTG'),
('app-01KE66CZXV26AXQD6774AHQJ6E', 'app-01KE649RRJP80MJNEMVNVR4P11', 'app-01KE649RP611K2H1MTSZV68FTG'),
('app-01KE66CZXVKCF151A1RFZTVN8E', 'app-01KE649RRNYYNXHMFEDXDZ5JWS', 'app-01KE649RKVTJ8X0KCK1MJXAB6M'),
('app-01KE66CZXV7TP0XTV1QXBW1MPD', 'app-01KE649RRNYYNXHMFEDXDZ5JWS', 'app-01KE649RNFJ925VD5T4N8NHDZR'),
('app-01KE66CZXVK9ASR42D9N7NQM05', 'app-01KE649RRNYYNXHMFEDXDZ5JWS', 'app-01KE649RP611K2H1MTSZV68FTG'),
('app-01KE66CZXV6R3BQNWH48S3W4ZE', 'app-01KE649RRZ38R11DXSYH31G5F8', 'app-01KE649RKVTJ8X0KCK1MJXAB6M'),
('app-01KE66CZXVJ3TME4T0BE52JVVH', 'app-01KE649RRZ38R11DXSYH31G5F8', 'app-01KE649RNFJ925VD5T4N8NHDZR'),
('app-01KE66CZXV982AFWB3CGWRY4CK', 'app-01KE649RRZ38R11DXSYH31G5F8', 'app-01KE649RP611K2H1MTSZV68FTG'),
('app-01KE66CZXV1N6EB00VFVJ9ZX3Y', 'app-01KE649RRR9KZ7C6MVMJA7V5CA', 'app-01KE649RP611K2H1MTSZV68FTG'),
('app-01KE66CZXVYWKRSMY9YPVPD0Q9', 'app-01KE649RRVG79Z9JNEZRZX6P6B', 'app-01KE649RP611K2H1MTSZV68FTG'),
('app-01KE66CZXVJH1TW7TQVQ3C5F30', 'app-01KE649RS208PNST6WW67CHR76', 'app-01KE649RM83YW34K00AC1F5T1A'),
('app-01KE66CZXV5FEQFR5Y6YJCBKSQ', 'app-01KE649RS5Q66XPTR4BX8R39MY', 'app-01KE649RP611K2H1MTSZV68FTG'),
('app-01KE66CZXVDQV7EVEVYF7A6B74', 'app-01KE649RS8QFV656XPMM8YCJ8D', 'app-01KE649RN9DP9JQ6RHTP0K71A5'),
('app-01KE66CZXV08W4TYQFC0GEE0CE', 'app-01KE649RS8QFV656XPMM8YCJ8D', 'app-01KE649RP611K2H1MTSZV68FTG'),
('app-01KE66CZXVGN7BGFQW0XWVHPDA', 'app-01KE649RSBEHNSMBDS50BK3SDR', 'app-01KE649RN9DP9JQ6RHTP0K71A5'),
('app-01KE66CZXVQQRQQWW2MEYK6RRB', 'app-01KE649RSBEHNSMBDS50BK3SDR', 'app-01KE649RP611K2H1MTSZV68FTG'),
('app-01KE66CZXV88W6RWR4A6KAMR8Z', 'app-01KE649RSE481357RP8WCEW34H', 'app-01KE649RMSJYAVH9T7CXG8YJBS'),
('app-01KE66CZXVVR6ZSJXV0P4V734G', 'app-01KE649RSE481357RP8WCEW34H', 'app-01KE649RNCJR2284KE5PCTHJ28'),
('app-01KE66CZXVRNA0DG069QN8W65P', 'app-01KE649RSE481357RP8WCEW34H', 'app-01KE649RP611K2H1MTSZV68FTG'),
('app-01KE66CZXVRVJCGV33T2DD7169', 'app-01KE649RSQSGDYVNMRD9FQVQTY', 'app-01KE649RKVTJ8X0KCK1MJXAB6M'),
('app-01KE66CZXVT1HCRDJDAQWC1BCB', 'app-01KE649RSQSGDYVNMRD9FQVQTY', 'app-01KE649RP611K2H1MTSZV68FTG'),
('app-01KE66CZXVY1N06S41HFXDNMF9', 'app-01KE649RSQSGDYVNMRD9FQVQTY', 'app-01KE649RKYQX18ZF4QH52X1RZM'),
('app-01KE66CZXVEE2JWNNCCC3G3NFZ', 'app-01KE649RSQSGDYVNMRD9FQVQTY', 'app-01KE649RP611K2H1MTSZV68FTG'),
('app-01KE66CZXVGHQDTBGKMNYYZTRC', 'app-01KE649RSQSGDYVNMRD9FQVQTY', 'app-01KE649RMJYCTMGJ0AMXGQCVBN'),
('app-01KE66CZXVV5H49Y27W1M01B2N', 'app-01KE649RSQSGDYVNMRD9FQVQTY', 'app-01KE649RP611K2H1MTSZV68FTG'),
('app-01KE66CZXVC4MX8A2602CK3CG3', 'app-01KE649RSXE21YF5G5JVAFVWY0', 'app-01KE649RP611K2H1MTSZV68FTG'),
('app-01KE66CZXVVPG9EFD5VXGC0BGF', 'app-01KE649RTDT6F8FK63GNSJGNVQ', 'app-01KE649RKVTJ8X0KCK1MJXAB6M'),
('app-01KE66CZXV3QAKFSGBDYPMQAA1', 'app-01KE649RTDT6F8FK63GNSJGNVQ', 'app-01KE649RP611K2H1MTSZV68FTG'),
('app-01KE66CZXV0P8TY7K7PEDQZ99K', 'app-01KE649RTDT6F8FK63GNSJGNVQ', 'app-01KE649RM1XJX4XC3KFNTWWMC9'),
('app-01KE66CZXVKW38CMGPATESCDJH', 'app-01KE649RTDT6F8FK63GNSJGNVQ', 'app-01KE649RP611K2H1MTSZV68FTG'),
('app-01KE66CZXV5TBT8S8NM299X4J7', 'app-01KE649RTDT6F8FK63GNSJGNVQ', 'app-01KE649RMJYCTMGJ0AMXGQCVBN'),
('app-01KE66CZXV7207Q80XHZ1CD1A4', 'app-01KE649RTDT6F8FK63GNSJGNVQ', 'app-01KE649RP611K2H1MTSZV68FTG'),
('app-01KE66CZXVP819XYV9VXCFKCSK', 'app-01KE649RTDT6F8FK63GNSJGNVQ', 'app-01KE649RNZ07XSESNMEWXB784Y');

INSERT INTO exercise_equipment (id, exercise_id, equipment_category_id) VALUES
('app-01KE66CZXVTTE6PJQQAHC8APDG', 'app-01KE649RTDT6F8FK63GNSJGNVQ', 'app-01KE649RP611K2H1MTSZV68FTG'),
('app-01KE66CZXVW1EZR1ADCAR1GAZX', 'app-01KE649RT0N7HKKG6E66GX1SAZ', 'app-01KE649RMJYCTMGJ0AMXGQCVBN'),
('app-01KE66CZXVCQSEDSMK4Q5CJXMK', 'app-01KE649RT0N7HKKG6E66GX1SAZ', 'app-01KE649RP611K2H1MTSZV68FTG'),
('app-01KE66CZXVVVADSQV6HEMRGHEY', 'app-01KE649RT21YA7H9QHFZYCTEH9', 'app-01KE649RN9DP9JQ6RHTP0K71A5'),
('app-01KE66CZXVW1VX9QJ6VHRFB9BV', 'app-01KE649RT21YA7H9QHFZYCTEH9', 'app-01KE649RP611K2H1MTSZV68FTG'),
('app-01KE66CZXV8Q5ZKP9HP0T1A6TN', 'app-01KE649RTG8V69TCTQNYETNNSS', 'app-01KE649RMJYCTMGJ0AMXGQCVBN'),
('app-01KE66CZXV3HXYDXDB4CSBYYSC', 'app-01KE649RTG8V69TCTQNYETNNSS', 'app-01KE649RP611K2H1MTSZV68FTG'),
('app-01KE66CZXV99605Z63BEGMMHS1', 'app-01KE649RTKMAJG8X30AQV1SEM0', 'app-01KE649RMJYCTMGJ0AMXGQCVBN'),
('app-01KE66CZXVJ806XK7CBSW9EK5W', 'app-01KE649RTKMAJG8X30AQV1SEM0', 'app-01KE649RM83YW34K00AC1F5T1A'),
('app-01KE66CZXV4K997SVQ6BDCBK92', 'app-01KE649RTKMAJG8X30AQV1SEM0', 'app-01KE649RP611K2H1MTSZV68FTG'),
('app-01KE66CZXVSN0Y57VESYRNAGJF', 'app-01KE649RTNKNY9CF5YDXNMPA9K', 'app-01KE649RKYQX18ZF4QH52X1RZM'),
('app-01KE66CZXVEGB744N31V7N2A6W', 'app-01KE649RTNKNY9CF5YDXNMPA9K', 'app-01KE649RM83YW34K00AC1F5T1A'),
('app-01KE66CZXVK9YR4D46K5ZM8K5M', 'app-01KE649RTNKNY9CF5YDXNMPA9K', 'app-01KE649RP611K2H1MTSZV68FTG'),
('app-01KE66CZXVTCHJX7VQ2V4XGYEX', 'app-01KE649RTRR8GHBARGQWDD7KYR', 'app-01KE649RN9DP9JQ6RHTP0K71A5'),
('app-01KE66CZXV1CC1B5JGG4CZ757G', 'app-01KE649RTRR8GHBARGQWDD7KYR', 'app-01KE649RP611K2H1MTSZV68FTG'),
('app-01KE66CZXV5X26RV3XD3HPPF5E', 'app-01KE649RTWAQ5SR9ZW54N6DXB9', 'app-01KE649RN9DP9JQ6RHTP0K71A5'),
('app-01KE66CZXV4S9C22PTQXBGX93A', 'app-01KE649RTWAQ5SR9ZW54N6DXB9', 'app-01KE649RM83YW34K00AC1F5T1A'),
('app-01KE66CZXV1QY5SS9XF3FEM2FH', 'app-01KE649RTWAQ5SR9ZW54N6DXB9', 'app-01KE649RP611K2H1MTSZV68FTG'),
('app-01KE66CZXWED9N23JXAPPTFGJY', 'app-01KE649RTZ8XT6WBDKD1EGZPC8', 'app-01KE649RP611K2H1MTSZV68FTG'),
('app-01KE66CZXWN08MP4XKSHKN9NK7', 'app-01KE649RV67SE0XHQPP1C8KQVZ', 'app-01KE649RP611K2H1MTSZV68FTG'),
('app-01KE66CZXWP0W78DT2V10DGQTJ', 'app-01KE649RV9H15F2QGBGXYA6GRB', 'app-01KE649RKVTJ8X0KCK1MJXAB6M'),
('app-01KE66CZXWBY7256ET3A0302C7', 'app-01KE649RV9H15F2QGBGXYA6GRB', 'app-01KE649RP611K2H1MTSZV68FTG'),
('app-01KE66CZXWAM2ZRSB8H7ZGS7J0', 'app-01KE649RVCRQDVY69AA9194QYF', 'app-01KE649RP611K2H1MTSZV68FTG'),
('app-01KE66CZXWD0R79HN02190DDQK', 'app-01KE649RV2QGPQ81CKGW02RKZH', 'app-01KE649RP611K2H1MTSZV68FTG'),
('app-01KE66CZXW077K029QHQCEZXZN', 'app-01KE649RVFGSFX5FMK4YHZ7SXM', 'app-01KE649RP611K2H1MTSZV68FTG'),
('app-01KE66CZXWT6DB9NN83MK1AVJT', 'app-01KE649RVJE79TZM31F6MSWFK9', 'app-01KE649RMPAAT5P16FX1QV8XP4'),
('app-01KE66CZXWEM8WEF7XX0SFAXVK', 'app-01KE649RVNFT7QMY336RYNEBBA', 'app-01KE649RP611K2H1MTSZV68FTG'),
('app-01KE66CZXW6HS06ZBWRZG7EJ16', 'app-01KE649RVVADAB5QXPNT5SZYV8', 'app-01KE649RP611K2H1MTSZV68FTG'),
('app-01KE66CZXWJY45XHD7DT25S81X', 'app-01KE649RVRH10VP6MBCWH8CJZY', 'app-01KE649RKRQADSR42MFKYXW08B'),
('app-01KE66CZXWG3EBAE7D5YPSC1YV', 'app-01KE649RVRH10VP6MBCWH8CJZY', 'app-01KE649RP611K2H1MTSZV68FTG'),
('app-01KE66CZXWQ2AKN3ASDS68P4T8', 'app-01KE649RVZKBTX6SFYESSZT8RD', 'app-01KE649RP611K2H1MTSZV68FTG'),
('app-01KE66CZXWP15HPJRWEVX2XMHS', 'app-01KE649RW2GXTRGGG2ZJEV6NH8', 'app-01KE649RNWJ9WP1RATDGVRTZFS'),
('app-01KE66CZXW6VB8J0PTSXMPVZNZ', 'app-01KE649RW2GXTRGGG2ZJEV6NH8', 'app-01KE649RP611K2H1MTSZV68FTG'),
('app-01KE66CZXW67KSA46K363F66PR', 'app-01KE649RWVB6FB8E3Z2RMBGXPJ', 'app-01KE649RM1XJX4XC3KFNTWWMC9'),
('app-01KE66CZXWCFPNXQ2VC0M6325D', 'app-01KE649RWVB6FB8E3Z2RMBGXPJ', 'app-01KE649RP611K2H1MTSZV68FTG'),
('app-01KE66CZXWCEQMMJEYJH6FBD84', 'app-01KE649RWVB6FB8E3Z2RMBGXPJ', 'app-01KE649RN9DP9JQ6RHTP0K71A5'),
('app-01KE66CZXWHX89Y5TC12X725B3', 'app-01KE649RWVB6FB8E3Z2RMBGXPJ', 'app-01KE649RP611K2H1MTSZV68FTG'),
('app-01KE66CZXWBAXH2PBXF9VZ9B4D', 'app-01KE649RWVB6FB8E3Z2RMBGXPJ', 'app-01KE649RNWJ9WP1RATDGVRTZFS'),
('app-01KE66CZXWM1S2N4YMF3JGD0DT', 'app-01KE649RWVB6FB8E3Z2RMBGXPJ', 'app-01KE649RP611K2H1MTSZV68FTG'),
('app-01KE66CZXWYXW51T6BMG17GXAF', 'app-01KE649RX23PEN2Z3VXYNSMMMZ', 'app-01KE649RKRQADSR42MFKYXW08B'),
('app-01KE66CZXWCMYGFG25XEW9D641', 'app-01KE649RX23PEN2Z3VXYNSMMMZ', 'app-01KE649RP611K2H1MTSZV68FTG'),
('app-01KE66CZXW57NPKSQY8EHGWMEZ', 'app-01KE649RX23PEN2Z3VXYNSMMMZ', 'app-01KE649RM1XJX4XC3KFNTWWMC9'),
('app-01KE66CZXWT3WM5PWPJC7VJT38', 'app-01KE649RX23PEN2Z3VXYNSMMMZ', 'app-01KE649RP611K2H1MTSZV68FTG'),
('app-01KE66CZXWE1BS08K48BBAVAY8', 'app-01KE649RX5NJJ18Y3M5J7AEJ6T', 'app-01KE649RM1XJX4XC3KFNTWWMC9'),
('app-01KE66CZXW1ST99VGZGJCH2GM4', 'app-01KE649RX5NJJ18Y3M5J7AEJ6T', 'app-01KE649RP611K2H1MTSZV68FTG'),
('app-01KE66CZXW6DDWRQBGKF6XP8KR', 'app-01KE649RW5164K7BM5VSNTBQ50', 'app-01KE649RP611K2H1MTSZV68FTG'),
('app-01KE66CZXW12FW8AX4JW2YKDPR', 'app-01KE649RWJPQJ2E9QWZP7DVC0H', 'app-01KE649RKRQADSR42MFKYXW08B'),
('app-01KE66CZXWCQDDXQDWJ1W5WJSW', 'app-01KE649RWJPQJ2E9QWZP7DVC0H', 'app-01KE649RP611K2H1MTSZV68FTG'),
('app-01KE66CZXW3DYRB9CFAXA3PS3Y', 'app-01KE649RWJPQJ2E9QWZP7DVC0H', 'app-01KE649RM1XJX4XC3KFNTWWMC9'),
('app-01KE66CZXWKDX68HE4W4Q9JF1G', 'app-01KE649RWJPQJ2E9QWZP7DVC0H', 'app-01KE649RP611K2H1MTSZV68FTG');

INSERT INTO exercise_equipment (id, exercise_id, equipment_category_id) VALUES
('app-01KE66CZXWTB7SXGBK4VJPRNE8', 'app-01KE649RWJPQJ2E9QWZP7DVC0H', 'app-01KE649RMJYCTMGJ0AMXGQCVBN'),
('app-01KE66CZXWD4KANF8GH8CZHJ3Q', 'app-01KE649RWJPQJ2E9QWZP7DVC0H', 'app-01KE649RP611K2H1MTSZV68FTG'),
('app-01KE66CZXW0QYBFCM4MTPSY1RG', 'app-01KE649RWJPQJ2E9QWZP7DVC0H', 'app-01KE649RN9DP9JQ6RHTP0K71A5'),
('app-01KE66CZXW0CTMFY23FT73QZQZ', 'app-01KE649RWJPQJ2E9QWZP7DVC0H', 'app-01KE649RP611K2H1MTSZV68FTG'),
('app-01KE66CZXWFFGMEPD2Q4K5YAET', 'app-01KE649RX8CSNX00Z0YBY7B3HE', 'app-01KE649RN9DP9JQ6RHTP0K71A5'),
('app-01KE66CZXWT2TTRTJNKEW2J04B', 'app-01KE649RX8CSNX00Z0YBY7B3HE', 'app-01KE649RP611K2H1MTSZV68FTG'),
('app-01KE66CZXWM7ETAD82R67N7GFJ', 'app-01KE649RXBXE2BP0SE9JRDWP3Q', 'app-01KE649RP611K2H1MTSZV68FTG'),
('app-01KE66CZXWB1N5Q5JE5CEJ26XY', 'app-01KE649RXMNPBJJ3ZVEQPV4BSF', 'app-01KE649RKVTJ8X0KCK1MJXAB6M'),
('app-01KE66CZXW2H5AY3S8HQZD640D', 'app-01KE649RXMNPBJJ3ZVEQPV4BSF', 'app-01KE649RP611K2H1MTSZV68FTG'),
('app-01KE66CZXWP0NZNH7XSKCFNGC8', 'app-01KE649RXMNPBJJ3ZVEQPV4BSF', 'app-01KE649RKYQX18ZF4QH52X1RZM'),
('app-01KE66CZXWKR3K6GYAMTXGT764', 'app-01KE649RXMNPBJJ3ZVEQPV4BSF', 'app-01KE649RP611K2H1MTSZV68FTG'),
('app-01KE66CZXWRQFP0N7TQTA4FSYT', 'app-01KE649RXMNPBJJ3ZVEQPV4BSF', 'app-01KE649RMJYCTMGJ0AMXGQCVBN'),
('app-01KE66CZXW32PRBVS3R47AJS2Q', 'app-01KE649RXMNPBJJ3ZVEQPV4BSF', 'app-01KE649RP611K2H1MTSZV68FTG'),
('app-01KE66CZXWF2HCM1VAQCPJ06AR', 'app-01KE649RXQFR6VPGJ7WTFSPGX3', 'app-01KE649RN9DP9JQ6RHTP0K71A5'),
('app-01KE66CZXWNKCCV0XNTHFBY1KX', 'app-01KE649RXQFR6VPGJ7WTFSPGX3', 'app-01KE649RP611K2H1MTSZV68FTG'),
('app-01KE66CZXWFZHNW6V2PM73WKX1', 'app-01KE649RXV62614A291T2WJCZN', 'app-01KE649RP611K2H1MTSZV68FTG'),
('app-01KE66CZXW7DXV0YMGW55Q6KWP', 'app-01KE649RXYNEB65FY4XX0BFG45', 'app-01KE649RP611K2H1MTSZV68FTG'),
('app-01KE66CZXWCFKA6H98Q12XS06M', 'app-01KE649RY1ER5ZCYNBFJTC1HE4', 'app-01KE649RM83YW34K00AC1F5T1A'),
('app-01KE66CZXWRN9412J63YTJWBYV', 'app-01KE649RY48SF663Z9E8GXA3MV', 'app-01KE649RP611K2H1MTSZV68FTG'),
('app-01KE66CZXWFSDAS7R1RQ5S4KWD', 'app-01KE649RY7G9G29ZXN0MMG5Z02', 'app-01KE649RMPAAT5P16FX1QV8XP4'),
('app-01KE66CZXXZC7YWT5JGPA5YS62', 'app-01KE649RY9197BWH7M1Q66NH2W', 'app-01KE649RP611K2H1MTSZV68FTG'),
('app-01KE66CZXX7XEY4HJ5S67W68Y1', 'app-01KE649RYDZDMPFBEEK0540CJ9', 'app-01KE649RM83YW34K00AC1F5T1A'),
('app-01KE66CZXXWN8MXWYKPD8NCTQY', 'app-01KE649RYS8PJ2SP1BEPEEE4T9', 'app-01KE649RKVTJ8X0KCK1MJXAB6M'),
('app-01KE66CZXX7BMN60NNWMMFYG3P', 'app-01KE649RYS8PJ2SP1BEPEEE4T9', 'app-01KE649RP611K2H1MTSZV68FTG'),
('app-01KE66CZXX55XPES2R040AJJYJ', 'app-01KE649RYS8PJ2SP1BEPEEE4T9', 'app-01KE649RM1XJX4XC3KFNTWWMC9'),
('app-01KE66CZXX0YQSY0G9DPQZX6T6', 'app-01KE649RYS8PJ2SP1BEPEEE4T9', 'app-01KE649RP611K2H1MTSZV68FTG'),
('app-01KE66CZXX2WAX2C8PBJR9DKN2', 'app-01KE649RYS8PJ2SP1BEPEEE4T9', 'app-01KE649RMJYCTMGJ0AMXGQCVBN'),
('app-01KE66CZXXJT3CQEPA6FGZVBSG', 'app-01KE649RYS8PJ2SP1BEPEEE4T9', 'app-01KE649RP611K2H1MTSZV68FTG'),
('app-01KE66CZXXGTAMEASPC7G33F6G', 'app-01KE649RYS8PJ2SP1BEPEEE4T9', 'app-01KE649RNZ07XSESNMEWXB784Y'),
('app-01KE66CZXXNWS7K3J8W42T62B3', 'app-01KE649RYS8PJ2SP1BEPEEE4T9', 'app-01KE649RP611K2H1MTSZV68FTG'),
('app-01KE66CZXXCSTSB19SD6BQKBG4', 'app-01KE649RYWA19K9RJ7CZ370F4E', 'app-01KE649RKVTJ8X0KCK1MJXAB6M'),
('app-01KE66CZXX0S0MD6SRNBZPEQRQ', 'app-01KE649RYWA19K9RJ7CZ370F4E', 'app-01KE649RP611K2H1MTSZV68FTG'),
('app-01KE66CZXXZAZ63FJVAZ4GFQX7', 'app-01KE649RYZM2JBP4JXD6PZNJS7', 'app-01KE649RM1XJX4XC3KFNTWWMC9'),
('app-01KE66CZXX57TDAJ3EB9VFYWDD', 'app-01KE649RYZM2JBP4JXD6PZNJS7', 'app-01KE649RP611K2H1MTSZV68FTG'),
('app-01KE66CZXXS868GEE4V9NYAAE5', 'app-01KE649RZ6596C87W7FJ6P365N', 'app-01KE649RKRQADSR42MFKYXW08B'),
('app-01KE66CZXXT1CND13Z1F94YY1E', 'app-01KE649RZ6596C87W7FJ6P365N', 'app-01KE649RP611K2H1MTSZV68FTG'),
('app-01KE66CZXXFCXPKPXM7W0YH9FN', 'app-01KE649RZ6596C87W7FJ6P365N', 'app-01KE649RM1XJX4XC3KFNTWWMC9'),
('app-01KE66CZXXV0KAZA0EYJVATBNK', 'app-01KE649RZ6596C87W7FJ6P365N', 'app-01KE649RP611K2H1MTSZV68FTG'),
('app-01KE66CZXX19Z6S2C3N29F8RHJ', 'app-01KE649RZ91RCBEY81SSFEQWFP', 'app-01KE649RN9DP9JQ6RHTP0K71A5'),
('app-01KE66CZXXA9NJWRXVDFPW59HY', 'app-01KE649RZ91RCBEY81SSFEQWFP', 'app-01KE649RP611K2H1MTSZV68FTG'),
('app-01KE66CZXX201GEY8V40JQ03RK', 'app-01KE649RZCK655BYEAY4DRPR2T', 'app-01KE649RKVTJ8X0KCK1MJXAB6M'),
('app-01KE66CZXX1YYNWT2PW1T2VCBK', 'app-01KE649RZCK655BYEAY4DRPR2T', 'app-01KE649RM83YW34K00AC1F5T1A'),
('app-01KE66CZXX7MT3BYQ2GFY6XX95', 'app-01KE649RZCK655BYEAY4DRPR2T', 'app-01KE649RP611K2H1MTSZV68FTG'),
('app-01KE66CZXXPV5JAMCXQCSSA6BG', 'app-01KE649RZFJ4VV3FE4VS46XAN6', 'app-01KE649RP611K2H1MTSZV68FTG'),
('app-01KE66CZXXSDFCP48WQEG4VBBZ', 'app-01KE649RZJ0W8JBMTENEB460ZT', 'app-01KE649RP611K2H1MTSZV68FTG'),
('app-01KE66CZXXJFCD18ZKNKP4YAE6', 'app-01KE649RZNHGF7FMTPQ0DZ0VFK', 'app-01KE649RNFJ925VD5T4N8NHDZR'),
('app-01KE66CZXXKDHX3VDS71Z0F9T1', 'app-01KE649RZRC3DCEP7W99WQ84BD', 'app-01KE649RKVTJ8X0KCK1MJXAB6M'),
('app-01KE66CZXXCD8FFTJ0VGER1WPJ', 'app-01KE649RZRC3DCEP7W99WQ84BD', 'app-01KE649RNFJ925VD5T4N8NHDZR'),
('app-01KE66CZXX469APT1KZ9230B7B', 'app-01KE649RZRC3DCEP7W99WQ84BD', 'app-01KE649RP611K2H1MTSZV68FTG'),
('app-01KE66CZXXDN0H5G6DXT7C02BG', 'app-01KE649S02TECGG3AT17G5ZWAY', 'app-01KE649RKVTJ8X0KCK1MJXAB6M');

INSERT INTO exercise_equipment (id, exercise_id, equipment_category_id) VALUES
('app-01KE66CZXX0XSK4T77KQC2AB0M', 'app-01KE649S02TECGG3AT17G5ZWAY', 'app-01KE649RP611K2H1MTSZV68FTG'),
('app-01KE66CZXX160A46FQYBFKMHND', 'app-01KE649S02TECGG3AT17G5ZWAY', 'app-01KE649RMJYCTMGJ0AMXGQCVBN'),
('app-01KE66CZXX9ZSPXD8JXA299KKY', 'app-01KE649S02TECGG3AT17G5ZWAY', 'app-01KE649RP611K2H1MTSZV68FTG'),
('app-01KE66CZXXT6MQR5NWX9C1MQ0W', 'app-01KE649S02TECGG3AT17G5ZWAY', 'app-01KE649RN9DP9JQ6RHTP0K71A5'),
('app-01KE66CZXXTZSGX5MR6B7GNYQ3', 'app-01KE649S02TECGG3AT17G5ZWAY', 'app-01KE649RP611K2H1MTSZV68FTG'),
('app-01KE66CZXX7WF32D2HZFJWP372', 'app-01KE649S05F0ASQQE0P3CFJ2BX', 'app-01KE649RKVTJ8X0KCK1MJXAB6M'),
('app-01KE66CZXXWXC0CGTX5S2ZQFAT', 'app-01KE649S05F0ASQQE0P3CFJ2BX', 'app-01KE649RNFJ925VD5T4N8NHDZR'),
('app-01KE66CZXXRAM4GAGVCPC4MJPR', 'app-01KE649S05F0ASQQE0P3CFJ2BX', 'app-01KE649RP611K2H1MTSZV68FTG'),
('app-01KE66CZXXCP22WR3QM2MK9868', 'app-01KE649S0K5B5Z08APDGVKJEA3', 'app-01KE649RP611K2H1MTSZV68FTG'),
('app-01KE66CZXXPECRJRSBFVM7ACXE', 'app-01KE649S0K5B5Z08APDGVKJEA3', 'app-01KE649RKN2ZWP29AT0M4N9K53'),
('app-01KE66CZXXJTEQCSX8ZS7P384A', 'app-01KE649S0K5B5Z08APDGVKJEA3', 'app-01KE649RP611K2H1MTSZV68FTG'),
('app-01KE66CZXXG32HVM11TF8N6YJ0', 'app-01KE649S0K5B5Z08APDGVKJEA3', 'app-01KE649RKRQADSR42MFKYXW08B'),
('app-01KE66CZXXZQM4XT5MBRYD8WH4', 'app-01KE649S0K5B5Z08APDGVKJEA3', 'app-01KE649RP611K2H1MTSZV68FTG'),
('app-01KE66CZXXD2YAJ58M6C4WFXRY', 'app-01KE649S0AZQNEMXVV3M01Q580', 'app-01KE649RMJYCTMGJ0AMXGQCVBN'),
('app-01KE66CZXXAT3TZP2H46KYQBH6', 'app-01KE649S0AZQNEMXVV3M01Q580', 'app-01KE649RP611K2H1MTSZV68FTG'),
('app-01KE66CZXXZDE098KN35C5M10F', 'app-01KE649S0AZQNEMXVV3M01Q580', 'app-01KE649RN9DP9JQ6RHTP0K71A5'),
('app-01KE66CZXXAS5TTPG1GR4ZF1D5', 'app-01KE649S0AZQNEMXVV3M01Q580', 'app-01KE649RP611K2H1MTSZV68FTG'),
('app-01KE66CZXXRBHJHV9X4FWSAQBD', 'app-01KE649S0P24F3WHMVVREBMQQ3', 'app-01KE649RP611K2H1MTSZV68FTG'),
('app-01KE66CZXX51ZAB4G8A6Q8TP0P', 'app-01KE649S1645JYS95VWAWWCG9J', 'app-01KE649RP611K2H1MTSZV68FTG'),
('app-01KE66CZXXBWAH31S3G248Z3P7', 'app-01KE649S1645JYS95VWAWWCG9J', 'app-01KE649RKRQADSR42MFKYXW08B'),
('app-01KE66CZXXXTB7DCDEMFSXZACA', 'app-01KE649S1645JYS95VWAWWCG9J', 'app-01KE649RP611K2H1MTSZV68FTG'),
('app-01KE66CZXXJS1YE0B02FX1Z7FD', 'app-01KE649S1645JYS95VWAWWCG9J', 'app-01KE649RMB230SFXZR6YWE8PN8'),
('app-01KE66CZXXNHDN1YT80NZKRWXQ', 'app-01KE649S1645JYS95VWAWWCG9J', 'app-01KE649RP611K2H1MTSZV68FTG'),
('app-01KE66CZXXXA4AQFQ2Z6JH6HRB', 'app-01KE649S1645JYS95VWAWWCG9J', 'app-01KE649RMFPS7A7YA9443RXQDM'),
('app-01KE66CZXXBQMGD59J5V0B9ZW6', 'app-01KE649S1645JYS95VWAWWCG9J', 'app-01KE649RP611K2H1MTSZV68FTG'),
('app-01KE66CZXYBMXVHAGXME8V2CZ7', 'app-01KE649S1645JYS95VWAWWCG9J', 'app-01KE649RN6M5ER0JEE2CJ8TH7V'),
('app-01KE66CZXYE96MQABDGW5Q193E', 'app-01KE649S1645JYS95VWAWWCG9J', 'app-01KE649RP611K2H1MTSZV68FTG'),
('app-01KE66CZXYTX3A1RSR2FJB71Y5', 'app-01KE649S19MHYM1FAKN33ESZT2', 'app-01KE649RKVTJ8X0KCK1MJXAB6M'),
('app-01KE66CZXYR9CGXVA3AWSKK873', 'app-01KE649S19MHYM1FAKN33ESZT2', 'app-01KE649RP611K2H1MTSZV68FTG'),
('app-01KE66CZXYJHJF3AERZZEZ7RDM', 'app-01KE649S1CGF86DNDMP48XGYXA', 'app-01KE649RM83YW34K00AC1F5T1A'),
('app-01KE66CZXY01C3KGKEQSVBHY00', 'app-01KE649S1FSZPXPFV7APQMSXEZ', 'app-01KE649RM83YW34K00AC1F5T1A'),
('app-01KE66CZXYETSRXANXSMVQ8493', 'app-01KE649S1NQRD5T1F3WEVQMCBW', 'app-01KE649RKRQADSR42MFKYXW08B'),
('app-01KE66CZXY42N9WVTJS5R77YVW', 'app-01KE649S1NQRD5T1F3WEVQMCBW', 'app-01KE649RP611K2H1MTSZV68FTG'),
('app-01KE66CZXYERWG8GH7K34NY1CR', 'app-01KE649S1NQRD5T1F3WEVQMCBW', 'app-01KE649RKVTJ8X0KCK1MJXAB6M'),
('app-01KE66CZXY5259X81K3KD8V7A3', 'app-01KE649S1NQRD5T1F3WEVQMCBW', 'app-01KE649RP611K2H1MTSZV68FTG'),
('app-01KE66CZXYKSKM982H9PWE9SJ5', 'app-01KE649S1NQRD5T1F3WEVQMCBW', 'app-01KE649RMJYCTMGJ0AMXGQCVBN'),
('app-01KE66CZXYZ7TMCTNHNF0MHGN7', 'app-01KE649S1NQRD5T1F3WEVQMCBW', 'app-01KE649RP611K2H1MTSZV68FTG'),
('app-01KE66CZXY8ZN77TSGTPZXBENH', 'app-01KE649S20TCKAS84XPK5XEP7F', 'app-01KE649RM1XJX4XC3KFNTWWMC9'),
('app-01KE66CZXYC08G3GN967FE126K', 'app-01KE649S20TCKAS84XPK5XEP7F', 'app-01KE649RP611K2H1MTSZV68FTG'),
('app-01KE66CZXY8YT904KJ16EXEPBC', 'app-01KE649S20TCKAS84XPK5XEP7F', 'app-01KE649RMJYCTMGJ0AMXGQCVBN'),
('app-01KE66CZXY1XC5PAV30SMP9TV6', 'app-01KE649S20TCKAS84XPK5XEP7F', 'app-01KE649RP611K2H1MTSZV68FTG'),
('app-01KE66CZXYB7SD7J01ZAGW0DFA', 'app-01KE649S20TCKAS84XPK5XEP7F', 'app-01KE649RN9DP9JQ6RHTP0K71A5'),
('app-01KE66CZXYYAQAG08E92P7T468', 'app-01KE649S20TCKAS84XPK5XEP7F', 'app-01KE649RP611K2H1MTSZV68FTG'),
('app-01KE66CZXY4D8MT4XMJS2YVPJM', 'app-01KE649S29VXFG2WVJ2TR6V720', 'app-01KE649RMJYCTMGJ0AMXGQCVBN'),
('app-01KE66CZXYGKD21E8PWNGB2SMC', 'app-01KE649S29VXFG2WVJ2TR6V720', 'app-01KE649RP611K2H1MTSZV68FTG'),
('app-01KE66CZXYMZ7J0RCASG8FAX11', 'app-01KE649S23A1Q0V2ETWXVP5YST', 'app-01KE649RMJYCTMGJ0AMXGQCVBN'),
('app-01KE66CZXYD3CK8X89092XKJ6W', 'app-01KE649S23A1Q0V2ETWXVP5YST', 'app-01KE649RP611K2H1MTSZV68FTG'),
('app-01KE66CZXYH87ZSF945TD9G4NC', 'app-01KE649S26WNZ8Z4RYQHJ4VN00', 'app-01KE649RP611K2H1MTSZV68FTG'),
('app-01KE66CZXYADEXZW0JRK6YBP3Z', 'app-01KE649S2FQP180BFDNG1DWJJC', 'app-01KE649RKVTJ8X0KCK1MJXAB6M'),
('app-01KE66CZXY55PXAZ1AZEPQR41P', 'app-01KE649S2FQP180BFDNG1DWJJC', 'app-01KE649RP611K2H1MTSZV68FTG');

INSERT INTO exercise_equipment (id, exercise_id, equipment_category_id) VALUES
('app-01KE66CZXYKXR3MK297NKJRDCH', 'app-01KE649S2FQP180BFDNG1DWJJC', 'app-01KE649RMJYCTMGJ0AMXGQCVBN'),
('app-01KE66CZXYCV0ZW5392W0F30C9', 'app-01KE649S2FQP180BFDNG1DWJJC', 'app-01KE649RP611K2H1MTSZV68FTG'),
('app-01KE66CZXY5YZR856TXX28YVQN', 'app-01KE649S2J095ZP9ETH04Z7NC7', 'app-01KE649RN9DP9JQ6RHTP0K71A5'),
('app-01KE66CZXYGAEM7RV11KXSBB4T', 'app-01KE649S2J095ZP9ETH04Z7NC7', 'app-01KE649RM83YW34K00AC1F5T1A'),
('app-01KE66CZXY8X7YXWQM7SXM09A5', 'app-01KE649S2J095ZP9ETH04Z7NC7', 'app-01KE649RP611K2H1MTSZV68FTG'),
('app-01KE66CZXY7HF8EJZF9RQ8SX5R', 'app-01KE649S2STZZ7QARCEZD3522P', 'app-01KE649RM83YW34K00AC1F5T1A'),
('app-01KE66CZXY37KJ9RVZS19ZZVFZ', 'app-01KE649S2STZZ7QARCEZD3522P', 'app-01KE649RP9A89041RJGVG1PSHM'),
('app-01KE66CZXY1YPV24HQ82JPVA4P', 'app-01KE649S2STZZ7QARCEZD3522P', 'app-01KE649RM83YW34K00AC1F5T1A'),
('app-01KE66CZXYBDSP7MS8ZMPPZ9YW', 'app-01KE649S2STZZ7QARCEZD3522P', 'app-01KE649RP611K2H1MTSZV68FTG'),
('app-01KE66CZXYHSGJS8C8QSE4R99R', 'app-01KE649S2VP5EY7CR561TTE3RR', 'app-01KE649RP611K2H1MTSZV68FTG'),
('app-01KE66CZXY8SZ2H6NMH637XHCD', 'app-01KE649S2Y9EY49R2QM3XH2EH3', 'app-01KE649RP611K2H1MTSZV68FTG'),
('app-01KE66CZXYC2F2MRAHE5Y1QV27', 'app-01KE649S34RY5H1PWF2N5H27SB', 'app-01KE649RN9DP9JQ6RHTP0K71A5'),
('app-01KE66CZXY44YZP2CK3N3Q9J49', 'app-01KE649S34RY5H1PWF2N5H27SB', 'app-01KE649RP611K2H1MTSZV68FTG'),
('app-01KE66CZXYZFVY4PZ0S3YSHNYF', 'app-01KE649S34RY5H1PWF2N5H27SB', 'app-01KE649RNPQ6P1SB4ECSGB8DF4'),
('app-01KE66CZXYRCNH60EMXDA8VTCH', 'app-01KE649S34RY5H1PWF2N5H27SB', 'app-01KE649RP611K2H1MTSZV68FTG'),
('app-01KE66CZXYA3WPWQQMP9AZ4PM5', 'app-01KE649S37AZPK1G55Z5DDD5GA', 'app-01KE649RN9DP9JQ6RHTP0K71A5'),
('app-01KE66CZXY833H1V1XRZNVAFSE', 'app-01KE649S37AZPK1G55Z5DDD5GA', 'app-01KE649RP611K2H1MTSZV68FTG'),
('app-01KE66CZXY4DYVQB0B8WY6B2CF', 'app-01KE649S3AV5QWXFQ2XFBACJ28', 'app-01KE649RN9DP9JQ6RHTP0K71A5'),
('app-01KE66CZXYY5TXTWZB1PQRZS50', 'app-01KE649S3AV5QWXFQ2XFBACJ28', 'app-01KE649RP611K2H1MTSZV68FTG'),
('app-01KE66CZXYPMVCP0DZ7V6S070M', 'app-01KE649S3G9CFWH58FZSYFT7JZ', 'app-01KE649RKVTJ8X0KCK1MJXAB6M'),
('app-01KE66CZXY3D18FRFF0AF485D3', 'app-01KE649S3G9CFWH58FZSYFT7JZ', 'app-01KE649RP611K2H1MTSZV68FTG'),
('app-01KE66CZXYMZ2E59HZTZZPV92B', 'app-01KE649S3G9CFWH58FZSYFT7JZ', 'app-01KE649RMJYCTMGJ0AMXGQCVBN'),
('app-01KE66CZXYW2YRQ3JTP54GNGFD', 'app-01KE649S3G9CFWH58FZSYFT7JZ', 'app-01KE649RP611K2H1MTSZV68FTG'),
('app-01KE66CZXY1TSHY3JQ100N728T', 'app-01KE649S3KH52NX718STJBWE1X', 'app-01KE649RMJYCTMGJ0AMXGQCVBN'),
('app-01KE66CZXYG790BR2B09JDYCDT', 'app-01KE649S3KH52NX718STJBWE1X', 'app-01KE649RP611K2H1MTSZV68FTG'),
('app-01KE66CZXY6TJP7THV3N5JMH5Y', 'app-01KE649S3TSE04BTXVDZ8GM549', 'app-01KE649RM1XJX4XC3KFNTWWMC9'),
('app-01KE66CZXYCGDD712GKZSFJHZH', 'app-01KE649S3TSE04BTXVDZ8GM549', 'app-01KE649RM83YW34K00AC1F5T1A'),
('app-01KE66CZXYXWTQ02VM6XNP80YM', 'app-01KE649S3TSE04BTXVDZ8GM549', 'app-01KE649RP611K2H1MTSZV68FTG'),
('app-01KE66CZXYC7NP4YCA1Z29ABEX', 'app-01KE649S3TSE04BTXVDZ8GM549', 'app-01KE649RN9DP9JQ6RHTP0K71A5'),
('app-01KE66CZXYP5JKHAGZ3Q1V7HNA', 'app-01KE649S3TSE04BTXVDZ8GM549', 'app-01KE649RM83YW34K00AC1F5T1A'),
('app-01KE66CZXYXZV2QFM8DH3EKVYH', 'app-01KE649S3TSE04BTXVDZ8GM549', 'app-01KE649RP611K2H1MTSZV68FTG'),
('app-01KE66CZXY29T9E921GG240VY3', 'app-01KE649S3XY8ZAC908FSJ6VCDX', 'app-01KE649RM1XJX4XC3KFNTWWMC9'),
('app-01KE66CZXYMR75PPMGDXCVMN3F', 'app-01KE649S3XY8ZAC908FSJ6VCDX', 'app-01KE649RM83YW34K00AC1F5T1A'),
('app-01KE66CZXZ3W63SYNS0Z2JZGCT', 'app-01KE649S3XY8ZAC908FSJ6VCDX', 'app-01KE649RP611K2H1MTSZV68FTG'),
('app-01KE66CZXZHEFKWGEEA7AYXFR5', 'app-01KE649S44D7S9WQDN7TTV2QFH', 'app-01KE649RN9DP9JQ6RHTP0K71A5'),
('app-01KE66CZXZAVZ7SZZMMV48F0N2', 'app-01KE649S44D7S9WQDN7TTV2QFH', 'app-01KE649RP611K2H1MTSZV68FTG'),
('app-01KE66CZXZNEAECB2J2ERM4BSJ', 'app-01KE649S44D7S9WQDN7TTV2QFH', 'app-01KE649RNPQ6P1SB4ECSGB8DF4'),
('app-01KE66CZXZDPVD6ZS0BN2D5GN9', 'app-01KE649S44D7S9WQDN7TTV2QFH', 'app-01KE649RP611K2H1MTSZV68FTG'),
('app-01KE66CZXZSQ49B9QSEQEZNQP6', 'app-01KE649S41AJXMVJZXPPE516PH', 'app-01KE649RP611K2H1MTSZV68FTG'),
('app-01KE66CZXZGKJZF5W52Q26CPMM', 'app-01KE649S4MEW0MCGJS1TDJE72J', 'app-01KE649RKVTJ8X0KCK1MJXAB6M'),
('app-01KE66CZXZSKF1RN5J49AMNV5N', 'app-01KE649S4MEW0MCGJS1TDJE72J', 'app-01KE649RP611K2H1MTSZV68FTG'),
('app-01KE66CZXZCYP2ZJ8ZA4TDR73M', 'app-01KE649S4MEW0MCGJS1TDJE72J', 'app-01KE649RMJYCTMGJ0AMXGQCVBN'),
('app-01KE66CZXZXQQV761ZBEHH4DGA', 'app-01KE649S4MEW0MCGJS1TDJE72J', 'app-01KE649RP611K2H1MTSZV68FTG'),
('app-01KE66CZXZV410E1H9WTM2H7F3', 'app-01KE649S4MEW0MCGJS1TDJE72J', 'app-01KE649RN9DP9JQ6RHTP0K71A5'),
('app-01KE66CZXZWFVGDKQ25425MZBR', 'app-01KE649S4MEW0MCGJS1TDJE72J', 'app-01KE649RP611K2H1MTSZV68FTG'),
('app-01KE66CZXZ0HTVPZHZQBC4EH51', 'app-01KE649S4MEW0MCGJS1TDJE72J', 'app-01KE649RNZ07XSESNMEWXB784Y'),
('app-01KE66CZXZ28MQN2Z19C6KXAD7', 'app-01KE649S4MEW0MCGJS1TDJE72J', 'app-01KE649RP611K2H1MTSZV68FTG'),
('app-01KE66CZXZPKPRHS4ADQXF49JW', 'app-01KE649S4XJ9RC1W8A0RGQCPJP', 'app-01KE649RKRQADSR42MFKYXW08B'),
('app-01KE66CZXZ6G6J2B8617TH6D58', 'app-01KE649S4XJ9RC1W8A0RGQCPJP', 'app-01KE649RP611K2H1MTSZV68FTG'),
('app-01KE66CZXZCJMN7HH92C0XD7AH', 'app-01KE649S4XJ9RC1W8A0RGQCPJP', 'app-01KE649RM1XJX4XC3KFNTWWMC9');

INSERT INTO exercise_equipment (id, exercise_id, equipment_category_id) VALUES
('app-01KE66CZXZTS61AX21J8PTAT7T', 'app-01KE649S4XJ9RC1W8A0RGQCPJP', 'app-01KE649RP611K2H1MTSZV68FTG'),
('app-01KE66CZXZZNPEGBMSZRJEAMKP', 'app-01KE649S4XJ9RC1W8A0RGQCPJP', 'app-01KE649RMJYCTMGJ0AMXGQCVBN'),
('app-01KE66CZXZ1V41N18RV7Q6186Z', 'app-01KE649S4XJ9RC1W8A0RGQCPJP', 'app-01KE649RP611K2H1MTSZV68FTG'),
('app-01KE66CZXZGD5VPN69F4J73PX5', 'app-01KE649S504G4S4G76A00Q4J1K', 'app-01KE649RP611K2H1MTSZV68FTG'),
('app-01KE66CZXZB01EJ5HD3YW6YDAF', 'app-01KE649S53QKKD1Z2S108XMYCX', 'app-01KE649RP611K2H1MTSZV68FTG'),
('app-01KE66CZXZ4THRAWZ1X2N5RW64', 'app-01KE649S56FRGMB1SQKY86EMPZ', 'app-01KE649RMJYCTMGJ0AMXGQCVBN'),
('app-01KE66CZXZ5JAC50D8X2KY3Q6C', 'app-01KE649S56FRGMB1SQKY86EMPZ', 'app-01KE649RP611K2H1MTSZV68FTG'),
('app-01KE66CZXZHKGP2A2CWZSF2M3Q', 'app-01KE649S5989CZAE20316BV31F', 'app-01KE649RP611K2H1MTSZV68FTG'),
('app-01KE66CZXZ7WT0SZYVNMKTH9M5', 'app-01KE649S5C847BD1STQZBC5BA8', 'app-01KE649RP611K2H1MTSZV68FTG'),
('app-01KE66CZXZYG02BNK4M3A06S5Q', 'app-01KE649S5FV8465ZF05XRP7K9J', 'app-01KE649RP611K2H1MTSZV68FTG'),
('app-01KE66CZXZ8JXF9MX80SZK6C0V', 'app-01KE649S5KJ0E0SDMKRRJX4GWM', 'app-01KE649RM83YW34K00AC1F5T1A'),
('app-01KE66CZXZTWRQSFM112P38YDG', 'app-01KE649S5S3BV63153M6D1P3H9', 'app-01KE649RKVTJ8X0KCK1MJXAB6M'),
('app-01KE66CZXZJ8TZDRR6J5110Z37', 'app-01KE649S5S3BV63153M6D1P3H9', 'app-01KE649RP611K2H1MTSZV68FTG'),
('app-01KE66CZXZRVVKRN8C37PB7622', 'app-01KE649S5S3BV63153M6D1P3H9', 'app-01KE649RMJYCTMGJ0AMXGQCVBN'),
('app-01KE66CZXZM78N9RDSXEQ6E2GT', 'app-01KE649S5S3BV63153M6D1P3H9', 'app-01KE649RP611K2H1MTSZV68FTG'),
('app-01KE66CZXZ3BC4VZY55Z0VF6XP', 'app-01KE649S5W12569FMY60R869R6', 'app-01KE649RKVTJ8X0KCK1MJXAB6M'),
('app-01KE66CZXZ8WX7HW83X44PT7F3', 'app-01KE649S5W12569FMY60R869R6', 'app-01KE649RNFJ925VD5T4N8NHDZR'),
('app-01KE66CZXZK0SNFBGZHB74E0Q4', 'app-01KE649S5W12569FMY60R869R6', 'app-01KE649RP611K2H1MTSZV68FTG'),
('app-01KE66CZXZYTMMNMP6MEZ6RZXC', 'app-01KE649S5Z0HKWARFGBXDAJBZE', 'app-01KE649RKVTJ8X0KCK1MJXAB6M'),
('app-01KE66CZXZRS7SHDXFWQXP1KA6', 'app-01KE649S5Z0HKWARFGBXDAJBZE', 'app-01KE649RNFJ925VD5T4N8NHDZR'),
('app-01KE66CZXZSQS8GWY9MYWPEAM6', 'app-01KE649S5Z0HKWARFGBXDAJBZE', 'app-01KE649RP611K2H1MTSZV68FTG'),
('app-01KE66CZXZBBNQGGQ74VRW3QJ9', 'app-01KE649S624QW8RQ31XGZGRXYF', 'app-01KE649RP611K2H1MTSZV68FTG'),
('app-01KE66CZXZ321QEHJ4XKC5D4C9', 'app-01KE649S65YFTPDFM5CY8YFR2E', 'app-01KE649RKVTJ8X0KCK1MJXAB6M'),
('app-01KE66CZXZ41JXWAKQAMX5PQZ4', 'app-01KE649S65YFTPDFM5CY8YFR2E', 'app-01KE649RNFJ925VD5T4N8NHDZR'),
('app-01KE66CZXZ07382J9224YV4080', 'app-01KE649S65YFTPDFM5CY8YFR2E', 'app-01KE649RP611K2H1MTSZV68FTG'),
('app-01KE66CZXZXDC7KFSPD289PEBW', 'app-01KE649S6V1B1B5CBZAAFF2XPG', 'app-01KE649RKRQADSR42MFKYXW08B'),
('app-01KE66CZXZPXHDQPSB3GWTS2GK', 'app-01KE649S6V1B1B5CBZAAFF2XPG', 'app-01KE649RP611K2H1MTSZV68FTG'),
('app-01KE66CZXZYYKQ2QYBC7QE51BG', 'app-01KE649S6V1B1B5CBZAAFF2XPG', 'app-01KE649RKVTJ8X0KCK1MJXAB6M'),
('app-01KE66CZXZWAA7N49NQMAMSKXX', 'app-01KE649S6V1B1B5CBZAAFF2XPG', 'app-01KE649RP611K2H1MTSZV68FTG'),
('app-01KE66CZXZ0F69EV0J855MZ6X9', 'app-01KE649S6V1B1B5CBZAAFF2XPG', 'app-01KE649RKYQX18ZF4QH52X1RZM'),
('app-01KE66CZXZTEV1VAKG9Q7TAHTM', 'app-01KE649S6V1B1B5CBZAAFF2XPG', 'app-01KE649RP611K2H1MTSZV68FTG'),
('app-01KE66CZXZWJRKYJRTCYGERFZ4', 'app-01KE649S6V1B1B5CBZAAFF2XPG', 'app-01KE649RMJYCTMGJ0AMXGQCVBN'),
('app-01KE66CZXZNE6RYSK6QV6YXHNQ', 'app-01KE649S6V1B1B5CBZAAFF2XPG', 'app-01KE649RP611K2H1MTSZV68FTG'),
('app-01KE66CZXZ06WZMDP1QN6574YN', 'app-01KE649S6V1B1B5CBZAAFF2XPG', 'app-01KE649RN9DP9JQ6RHTP0K71A5'),
('app-01KE66CZXZRA3YW6DXCZVMNKJW', 'app-01KE649S6V1B1B5CBZAAFF2XPG', 'app-01KE649RP611K2H1MTSZV68FTG'),
('app-01KE66CZXZ8YPHR5A4HSW0DV5N', 'app-01KE649S6V1B1B5CBZAAFF2XPG', 'app-01KE649RNZ07XSESNMEWXB784Y'),
('app-01KE66CZXZHDXF499G30RPA6X4', 'app-01KE649S6V1B1B5CBZAAFF2XPG', 'app-01KE649RP611K2H1MTSZV68FTG'),
('app-01KE66CZXZCNBZD3BPH31ANV1X', 'app-01KE649S6R0P8E4XZH7DCJEN9Y', 'app-01KE649RKRQADSR42MFKYXW08B'),
('app-01KE66CZXZCC6MD42X5RAXJEVA', 'app-01KE649S6R0P8E4XZH7DCJEN9Y', 'app-01KE649RM83YW34K00AC1F5T1A'),
('app-01KE66CZY0Y7MX9ZB1FJJTK28F', 'app-01KE649S6R0P8E4XZH7DCJEN9Y', 'app-01KE649RP611K2H1MTSZV68FTG'),
('app-01KE66CZY0381TRHPSNR1NSZ4M', 'app-01KE649S6YFFJ0P2SFJ6W5D6H9', 'app-01KE649RMJYCTMGJ0AMXGQCVBN'),
('app-01KE66CZY0V8X76540R9F0MF16', 'app-01KE649S6YFFJ0P2SFJ6W5D6H9', 'app-01KE649RP611K2H1MTSZV68FTG'),
('app-01KE66CZY0YM2H5T7EZHSYV035', 'app-01KE649S7BB142PVQVKB0865YW', 'app-01KE649RKVTJ8X0KCK1MJXAB6M'),
('app-01KE66CZY0A79KM60NZRK2K8TV', 'app-01KE649S7BB142PVQVKB0865YW', 'app-01KE649RP611K2H1MTSZV68FTG'),
('app-01KE66CZY0MVMP1YXYD21ECAJZ', 'app-01KE649S7BB142PVQVKB0865YW', 'app-01KE649RKYQX18ZF4QH52X1RZM'),
('app-01KE66CZY0Y5MCPQG1X6R9P4S4', 'app-01KE649S7BB142PVQVKB0865YW', 'app-01KE649RP611K2H1MTSZV68FTG'),
('app-01KE66CZY0ZKXZV0BR3EMTAY18', 'app-01KE649S7BB142PVQVKB0865YW', 'app-01KE649RMJYCTMGJ0AMXGQCVBN'),
('app-01KE66CZY0KMQ8BKD2V25GS49C', 'app-01KE649S7BB142PVQVKB0865YW', 'app-01KE649RP611K2H1MTSZV68FTG'),
('app-01KE66CZY0JXEVDEXQKEYW4397', 'app-01KE649S7BB142PVQVKB0865YW', 'app-01KE649RN9DP9JQ6RHTP0K71A5'),
('app-01KE66CZY0150VZZK1JJSNX080', 'app-01KE649S7BB142PVQVKB0865YW', 'app-01KE649RP611K2H1MTSZV68FTG');

INSERT INTO exercise_equipment (id, exercise_id, equipment_category_id) VALUES
('app-01KE66CZY05CJF7Y9N53MQBY3N', 'app-01KE649S7BB142PVQVKB0865YW', 'app-01KE649RNZ07XSESNMEWXB784Y'),
('app-01KE66CZY0HKHTJ6A5FAEF9XQ3', 'app-01KE649S7BB142PVQVKB0865YW', 'app-01KE649RP611K2H1MTSZV68FTG'),
('app-01KE66CZY0GCD9K14JP2HNJSG4', 'app-01KE649S7H421DSV811KR9CA49', 'app-01KE649RP611K2H1MTSZV68FTG'),
('app-01KE66CZY0BYHYSRW31C43JXDJ', 'app-01KE649S7RH0XW6MQ2923XNDDT', 'app-01KE649RKVTJ8X0KCK1MJXAB6M'),
('app-01KE66CZY0CHJPPH642Q9CPP2T', 'app-01KE649S7RH0XW6MQ2923XNDDT', 'app-01KE649RP611K2H1MTSZV68FTG'),
('app-01KE66CZY0TT6GHE3MBZJ7PZJK', 'app-01KE649S7RH0XW6MQ2923XNDDT', 'app-01KE649RMJYCTMGJ0AMXGQCVBN'),
('app-01KE66CZY0ZEK99K8E13ME6X7J', 'app-01KE649S7RH0XW6MQ2923XNDDT', 'app-01KE649RP611K2H1MTSZV68FTG'),
('app-01KE66CZY08QHSD8B9RGYVRTWC', 'app-01KE649S7V4QZS1QJZTM54WYS1', 'app-01KE649RM1XJX4XC3KFNTWWMC9'),
('app-01KE66CZY0W5TC8N1R61JTQBKT', 'app-01KE649S7V4QZS1QJZTM54WYS1', 'app-01KE649RP611K2H1MTSZV68FTG'),
('app-01KE66CZY07285Y524AV84QJDG', 'app-01KE649S7YQD91DJ0FBARX4G17', 'app-01KE649RKRQADSR42MFKYXW08B'),
('app-01KE66CZY0CF9M9WV7K0Z8S5ZB', 'app-01KE649S7YQD91DJ0FBARX4G17', 'app-01KE649RP611K2H1MTSZV68FTG'),
('app-01KE66CZY0FJYS82QM24SG3JJN', 'app-01KE649S8138JER2MF80V88XR8', 'app-01KE649RNCJR2284KE5PCTHJ28'),
('app-01KE66CZY03SBY3HTJN5KE5Q8X', 'app-01KE649S85Q362JDBREMXX0R6T', 'app-01KE649RKVTJ8X0KCK1MJXAB6M'),
('app-01KE66CZY0E1YEG0TPX85D096Y', 'app-01KE649S85Q362JDBREMXX0R6T', 'app-01KE649RP611K2H1MTSZV68FTG'),
('app-01KE66CZY0GA9VKHSY6QWY94FD', 'app-01KE649S88T13WEY3EB1H734V0', 'app-01KE649RKVTJ8X0KCK1MJXAB6M'),
('app-01KE66CZY03JRZQYSK9BZ7VXP6', 'app-01KE649S88T13WEY3EB1H734V0', 'app-01KE649RP611K2H1MTSZV68FTG'),
('app-01KE66CZY0RVC26S9TPPX75E4D', 'app-01KE649S8BEV3FDJ9EK64PGFAP', 'app-01KE649RKVTJ8X0KCK1MJXAB6M'),
('app-01KE66CZY042J9R9PP1YY942QB', 'app-01KE649S8BEV3FDJ9EK64PGFAP', 'app-01KE649RP611K2H1MTSZV68FTG'),
('app-01KE66CZY0QVXVJRK4Y5SX25PF', 'app-01KE649S8EKSQSNB64K23QRP00', 'app-01KE649RP611K2H1MTSZV68FTG'),
('app-01KE66CZY01B9092P34B36AJWQ', 'app-01KE649S8HM73FEE9DYZNW9AJN', 'app-01KE649RM83YW34K00AC1F5T1A'),
('app-01KE66CZY06GZ449A57Q1EMHRV', 'app-01KE649S8MNE0KX6JES21HX24A', 'app-01KE649RM83YW34K00AC1F5T1A'),
('app-01KE66CZY01WFYXYYRA024EG33', 'app-01KE649S8VC4YDQKA0X1V6J6E3', 'app-01KE649RKVTJ8X0KCK1MJXAB6M'),
('app-01KE66CZY0FYQ06QSM8D650GYN', 'app-01KE649S8VC4YDQKA0X1V6J6E3', 'app-01KE649RMPAAT5P16FX1QV8XP4'),
('app-01KE66CZY0WGZF7NM5XG5BA50K', 'app-01KE649S8VC4YDQKA0X1V6J6E3', 'app-01KE649RP611K2H1MTSZV68FTG'),
('app-01KE66CZY0NJB4SWCE7W83S83R', 'app-01KE649S8VC4YDQKA0X1V6J6E3', 'app-01KE649RN3D1KPH6RP5V3QT0C5'),
('app-01KE66CZY0ZBDZYW3H1QAGRVGW', 'app-01KE649S8VC4YDQKA0X1V6J6E3', 'app-01KE649RMPAAT5P16FX1QV8XP4'),
('app-01KE66CZY0QHBWQN0KP9XJ0G23', 'app-01KE649S8VC4YDQKA0X1V6J6E3', 'app-01KE649RP611K2H1MTSZV68FTG'),
('app-01KE66CZY0S0G0W8R6DJ1VV1P0', 'app-01KE649S8Y0PDC8XQ1HMVZ6DKE', 'app-01KE649RP611K2H1MTSZV68FTG'),
('app-01KE66CZY0KY6BVSKBKW6NEMF4', 'app-01KE649S91FR9E2M144J4HZR53', 'app-01KE649RN9DP9JQ6RHTP0K71A5'),
('app-01KE66CZY016MWNV3T4VPT7PCE', 'app-01KE649S91FR9E2M144J4HZR53', 'app-01KE649RP611K2H1MTSZV68FTG'),
('app-01KE66CZY0DSM95ZWVY18HWEP6', 'app-01KE649S94AMSGYCDXV527Q9XW', 'app-01KE649RP611K2H1MTSZV68FTG'),
('app-01KE66CZY0E6VHZNYVBFT49JB3', 'app-01KE649SA0NEF3WXHGSR1V1VN8', 'app-01KE649RP611K2H1MTSZV68FTG'),
('app-01KE66CZY0GQK28JNEY4B44N5S', 'app-01KE649S9APQSR4XCJP6EBAZYN', 'app-01KE649RP611K2H1MTSZV68FTG'),
('app-01KE66CZY0T29JW958XPFX4CRX', 'app-01KE649S9APQSR4XCJP6EBAZYN', 'app-01KE649RKN2ZWP29AT0M4N9K53'),
('app-01KE66CZY0APAZK28QE1SJ56SS', 'app-01KE649S9APQSR4XCJP6EBAZYN', 'app-01KE649RP611K2H1MTSZV68FTG'),
('app-01KE66CZY0RX6Q7BVBFZ9B6BBT', 'app-01KE649S9W3GQWH5KZAPBNZ3Y2', 'app-01KE649RP611K2H1MTSZV68FTG'),
('app-01KE66CZY0WAZMKKFBPTSDGWRE', 'app-01KE649S9W3GQWH5KZAPBNZ3Y2', 'app-01KE649RKVTJ8X0KCK1MJXAB6M'),
('app-01KE66CZY0R9PZXK2V2QHZW06S', 'app-01KE649S9W3GQWH5KZAPBNZ3Y2', 'app-01KE649RP611K2H1MTSZV68FTG'),
('app-01KE66CZY04CJNS04SAT6P26AF', 'app-01KE649S9W3GQWH5KZAPBNZ3Y2', 'app-01KE649RM1XJX4XC3KFNTWWMC9'),
('app-01KE66CZY0R2BA5FF26BN7RRPQ', 'app-01KE649S9W3GQWH5KZAPBNZ3Y2', 'app-01KE649RP611K2H1MTSZV68FTG'),
('app-01KE66CZY0AZMWHJWC99R0JTAD', 'app-01KE649S9W3GQWH5KZAPBNZ3Y2', 'app-01KE649RMJYCTMGJ0AMXGQCVBN'),
('app-01KE66CZY0WJKSKJAMGX6TDX5W', 'app-01KE649S9W3GQWH5KZAPBNZ3Y2', 'app-01KE649RP611K2H1MTSZV68FTG'),
('app-01KE66CZY04VYVSTXXCZBV0SQS', 'app-01KE649S9W3GQWH5KZAPBNZ3Y2', 'app-01KE649RN9DP9JQ6RHTP0K71A5'),
('app-01KE66CZY0YD4PMY4BNNHW2GHP', 'app-01KE649S9W3GQWH5KZAPBNZ3Y2', 'app-01KE649RP611K2H1MTSZV68FTG'),
('app-01KE66CZY0ZZ3X1K9BWCXCZX9M', 'app-01KE649SA3MR0AAWSVH0G0HJTQ', 'app-01KE649RM1XJX4XC3KFNTWWMC9'),
('app-01KE66CZY03XVTH6QHD3XP2BR4', 'app-01KE649SA3MR0AAWSVH0G0HJTQ', 'app-01KE649RNS2QA6PEN3QCH8P7ZM'),
('app-01KE66CZY0VE8DHD1TT9EQ3AKF', 'app-01KE649SA3MR0AAWSVH0G0HJTQ', 'app-01KE649RP611K2H1MTSZV68FTG'),
('app-01KE66CZY039C0DZY7PV7E8ZMY', 'app-01KE649SA771M1GMGD0NV11SEC', 'app-01KE649RP611K2H1MTSZV68FTG'),
('app-01KE66CZY1HT0EC48WH90BTACS', 'app-01KE649SAJEAA8MEW7PSD7P2T2', 'app-01KE649RKVTJ8X0KCK1MJXAB6M'),
('app-01KE66CZY1QXAJ7VGABZ1654B9', 'app-01KE649SAJEAA8MEW7PSD7P2T2', 'app-01KE649RM83YW34K00AC1F5T1A');

INSERT INTO exercise_equipment (id, exercise_id, equipment_category_id) VALUES
('app-01KE66CZY1KGQXBMCEP443MANM', 'app-01KE649SAJEAA8MEW7PSD7P2T2', 'app-01KE649RP611K2H1MTSZV68FTG'),
('app-01KE66CZY18ACVAJH1DJ7CJBFH', 'app-01KE649SAJEAA8MEW7PSD7P2T2', 'app-01KE649RM1XJX4XC3KFNTWWMC9'),
('app-01KE66CZY1PBJNZ0H9Z1GB10Z2', 'app-01KE649SAJEAA8MEW7PSD7P2T2', 'app-01KE649RM83YW34K00AC1F5T1A'),
('app-01KE66CZY1CQ3D0549TVYFANTT', 'app-01KE649SAJEAA8MEW7PSD7P2T2', 'app-01KE649RP611K2H1MTSZV68FTG'),
('app-01KE66CZY1C3AVFFE6ATWN3KJZ', 'app-01KE649SAJEAA8MEW7PSD7P2T2', 'app-01KE649RMJYCTMGJ0AMXGQCVBN'),
('app-01KE66CZY1Z4R8J7W1R4M1Z06H', 'app-01KE649SAJEAA8MEW7PSD7P2T2', 'app-01KE649RM83YW34K00AC1F5T1A'),
('app-01KE66CZY1C3B4EWJ5STZZ5YKR', 'app-01KE649SAJEAA8MEW7PSD7P2T2', 'app-01KE649RP611K2H1MTSZV68FTG'),
('app-01KE66CZY1SHGFR6P0Z5XKA4JA', 'app-01KE649SAPCT2WM1T4B0J1VGA0', 'app-01KE649RP611K2H1MTSZV68FTG'),
('app-01KE66CZY1FXCGNYYF3Q5E2XF4', 'app-01KE649SATPSZ3WSHDEE392R6R', 'app-01KE649RM83YW34K00AC1F5T1A'),
('app-01KE66CZY16MEQYJWV4QM40XNB', 'app-01KE649SAYZT56TQ9ZHB8P3WYC', 'app-01KE649RMJYCTMGJ0AMXGQCVBN'),
('app-01KE66CZY11BBNRPZHX8VFYPAN', 'app-01KE649SAYZT56TQ9ZHB8P3WYC', 'app-01KE649RM83YW34K00AC1F5T1A'),
('app-01KE66CZY1T2ZYXXPKHZ1W2YMQ', 'app-01KE649SAYZT56TQ9ZHB8P3WYC', 'app-01KE649RP611K2H1MTSZV68FTG'),
('app-01KE66CZY1G291WQ33P7JWH33K', 'app-01KE649SB2GEYRK4FZCHQYMF06', 'app-01KE649RP611K2H1MTSZV68FTG'),
('app-01KE66CZY14TVSQ774VB7FTTNJ', 'app-01KE649SB7R7YNA4VE7Y24TEYR', 'app-01KE649RP611K2H1MTSZV68FTG'),
('app-01KE66CZY1Q84AHE0PTNWHFR7T', 'app-01KE649SBBYXVS7RD1Q4Y7TVX8', 'app-01KE649RMX39HHH1S9DG929X2Y'),
('app-01KE66CZY1BEADEZ0ZBY0ZKH4Y', 'app-01KE649SBBYXVS7RD1Q4Y7TVX8', 'app-01KE649RP611K2H1MTSZV68FTG'),
('app-01KE66CZY12ZW5WHFSTARG9SKS', 'app-01KE649SBJY589Z5BB275PC8HP', 'app-01KE649RKVTJ8X0KCK1MJXAB6M'),
('app-01KE66CZY1C39P7T21RJZ1NMWF', 'app-01KE649SBJY589Z5BB275PC8HP', 'app-01KE649RP611K2H1MTSZV68FTG'),
('app-01KE66CZY1PQ2ZBH51BVAPP5YC', 'app-01KE649SBN9GPN41VZXE3EZCNH', 'app-01KE649RP611K2H1MTSZV68FTG'),
('app-01KE66CZY15WN19ZDP8WHYMT6C', 'app-01KE649SBS461NCN9TSYRXRNR7', 'app-01KE649RNCJR2284KE5PCTHJ28'),
('app-01KE66CZY1BY65BJPZXXVZXZMB', 'app-01KE649SBWWV8WHC87536QQTCM', 'app-01KE649RKVTJ8X0KCK1MJXAB6M'),
('app-01KE66CZY18425WWWN1JA52ZAR', 'app-01KE649SBWWV8WHC87536QQTCM', 'app-01KE649RP611K2H1MTSZV68FTG'),
('app-01KE66CZY18BXBKTSAMZE106XQ', 'app-01KE649SC0AV47ME4ZMF3NFRJ1', 'app-01KE649RP611K2H1MTSZV68FTG');

